:020000040800F2
:1000000000800120A5170008B9160008BB160008DB
:10001000BD160008BF160008C11600080000000049
:10002000000000000000000000000000C1310008D6
:10003000C31600080000000061320008C532000845
:10004000F5170008F5170008F5170008F517000860
:10005000F5170008F5170008F5170008F517000850
:10006000F5170008F5170008F5170008F517000840
:10007000F5170008F5170008F5170008F517000830
:10008000F5170008F5170008F51700080000000034
:10009000000000000000000000000000F51700084C
:1000A000F5170008C5160008F5170008F517000831
:1000B000F5170008F5170008F5170008F5170008F0
:1000C000F5170008F5170008F5170008F5170008E0
:1000D000F5170008F5170008F517000800000000E4
:1000E000F5170008F5170008F517000800000000D4
:1000F000000000000000000000000000F5170008EC
:1001000000000000F5170008F5170008F5170008B3
:1001100000000000000000000000000000000000DF
:10012000FD140008F5170008F5170008F51700087A
:10013000F5170008000000000000000000000000AB
:10014000000000000000000000000000F51700089B
:10015000F5170008F5170008F5170008F51700084F
:10016000F5170008F5170008000000000000000067
:10017000000000000000000000000000000000007F
:1001800000000000F517000800000000000000005B
:04019000F517000857
:1001C00081F0004102E000BF83F0004330B54FEA08
:1001D00041044FEA430594EA050F08BF90EA020F75
:1001E0001FBF54EA000C55EA020C7FEA645C7FEA08
:1001F000655C00F0E2804FEA5454D4EB5555B8BF2B
:100200006D420CDD2C4480EA020281EA030382EA9B
:10021000000083EA010180EA020281EA0303362D2D
:1002200088BF30BD11F0004F4FEA01314FF4801C00
:100230004CEA113102D0404261EB410113F0004F12
:100240004FEA03334CEA133302D0524263EB4303C9
:1002500094EA050F00F0A780A4F10104D5F1200E67
:100260000DDB02FA0EFC22FA05F2801841F10001C2
:1002700003FA0EF2801843FA05F359410EE0A5F196
:1002800020050EF1200E012A03FA0EFC28BF4CF0C7
:10029000020C43FA05F3C01851EBE37101F000457D
:1002A00007D54FF0000EDCF1000C7EEB00006EEB8A
:1002B0000101B1F5801F1BD3B1F5001F0CD3490814
:1002C0005FEA30004FEA3C0C04F101044FEA44526B
:1002D00012F5800F80F09A80BCF1004F08BF5FEAF2
:1002E000500C50F1000041EB045141EA050130BDD2
:1002F0005FEA4C0C404141EB0101013C28BFB1F5E4
:10030000801FE9D291F0000F04BF01460020B1FA2E
:1003100081F308BF2033A3F10B03B3F120020CDA01
:100320000C3208DD02F1140CC2F10C0201FA0CF0DF
:1003300021FA02F10CE002F11402D8BFC2F1200C44
:1003400001FA02F120FA0CFCDCBF41EA0C019040FA
:10035000E41AA2BF01EB0451294330BD6FEA040443
:100360001F3C1CDA0C340EDC04F11404C4F120022E
:1003700020FA04F001FA02F340EA030021FA04F340
:1003800045EA030130BDC4F10C04C4F1200220FA97
:1003900002F001FA04F340EA0300294630BD21FAD5
:1003A00004F0294630BD94F0000F83F4801306BF9B
:1003B00081F480110134013D4EE77FEA645C18BF8F
:1003C0007FEA655C29D094EA050F08BF90EA020F26
:1003D00005D054EA000C04BF1946104630BD91EA1E
:1003E000030F1EBF0021002030BD5FEA545C05D121
:1003F0004000494128BF41F0004130BD14F5800460
:100400003CBF01F5801130BD01F0004545F0FE41D3
:1004100041F470014FF0000030BD7FEA645C1ABF08
:10042000194610467FEA655C1CBF0B46024650EA3F
:10043000013406BF52EA033591EA030F41F400216B
:1004400030BD00BF90F0000F04BF0021704730B5F1
:100450004FF4806404F132044FF000054FF00001C6
:1004600050E700BF90F0000F04BF0021704730B587
:100470004FF4806404F1320410F0004548BF40425C
:100480004FF000013EE700BF42004FEAE2014FEAB1
:1004900031014FEA02701FBF12F07F4393F07F4F8C
:1004A00081F06051704732F07F4208BF704793F08F
:1004B0007F4F04BF41F40021704730B54FF46074A2
:1004C00001F0004521F000411CE700BF50EA0102A5
:1004D00008BF704730B54FF000050AE050EA01024E
:1004E00008BF704730B511F0004502D5404261EBBE
:1004F00041014FF4806404F132045FEA915C3FF4FF
:10050000D8AE4FF003025FEADC0C18BF03325FEA9B
:10051000DC0C18BF033202EBDC02C2F1200300FA4C
:1005200003FC20FA02F001FA03FE40EA0E0021FA71
:1005300002F11444BDE600BF53B94AB9002908BF0F
:1005400000281CBF4FF0FF314FF0FF3000F00CB817
:10055000ADF1080C6DE904CE04F0A2F9DDF804E079
:10056000DDE9022304B07047704700BF844641EACA
:10057000000313F003036DD1403A41D351F8043B1B
:1005800040F8043B51F8043B40F8043B51F8043B6D
:1005900040F8043B51F8043B40F8043B51F8043B5D
:1005A00040F8043B51F8043B40F8043B51F8043B4D
:1005B00040F8043B51F8043B40F8043B51F8043B3D
:1005C00040F8043B51F8043B40F8043B51F8043B2D
:1005D00040F8043B51F8043B40F8043B51F8043B1D
:1005E00040F8043B51F8043B40F8043B51F8043B0D
:1005F00040F8043B51F8043B40F8043B403ABDD27C
:10060000303211D351F8043B40F8043B51F8043B1D
:1006100040F8043B51F8043B40F8043B51F8043BDC
:1006200040F8043B103AEDD20C3205D351F8043BAC
:1006300040F8043B043AF9D2043208D0D2071CBF78
:1006400011F8013B00F8013B01D30B8803806046A1
:10065000704700BF082A13D38B078DD010F0030317
:100660008AD0C3F10403D21ADB071CBF11F8013B87
:1006700000F8013B80D331F8023B20F8023B7BE7D6
:10068000043AD9D3013A11F8013B00F8013BF9D201
:100690000B7803704B7843708B788370604670479B
:1006A000000000000000000000000000000000004A
:1006B000000000000000000000000000000000003A
:1006C00030B490F800F020F007016FF0000C10F04B
:1006D000070491F820F040F048804FF000046FF0DC
:1006E0000700D1E9002391F840F000F1080082FAF8
:1006F0004CF2A4FA8CF283FA4CF3A2FA8CF34BBBC3
:10070000D1E9022382FA4CF200F10800A4FA8CF23B
:1007100083FA4CF3A2FA8CF3E3B9D1E9042382FA09
:100720004CF200F10800A4FA8CF283FA4CF3A2FA1E
:100730008CF37BB9D1E9062301F1200182FA4CF256
:1007400000F10800A4FA8CF283FA4CF3A2FA8CF3BD
:10075000002BC6D0002A04BF04301A4612BAB2FADF
:1007600082F200EBD20030BC7047D1E9002304F0E4
:100770000305C4F100004FEAC50514F0040F91F819
:1007800040F00CFA05F562EA05021CBF63EA0503B6
:1007900062464FF00004AAE70000000000000000DD
:1007A00001F0FF01102A2BDB10F0070F08D010F822
:1007B000013B013A8B422DD010F0070F42B3F6D126
:1007C000F0B441EA012141EA014122F007047FF03F
:1007D00000070023F0E80256083C85EA010586EA96
:1007E000010685FA47F5A3FA87F586FA47F6A5FAD2
:1007F00087F68EB9EED1F0BC01F0FF0102F00702DE
:1008000032B110F8013B013A83EA010313B1F8D188
:100810000020704701387047002D06BF3546033869
:10082000073815F0010F07D1013015F4807F02BFA2
:10083000013015F4C03F0130F0BC0138704700BFF3
:1008400070B54FF0FF0C4CF4E06C1CEA11541DBF66
:100850001CEA135594EA0C0F95EA0C0F00F0DEF831
:100860002C4481EA030621EA4C5123EA4C5350EA16
:10087000013518BF52EA033541F4801143F4801367
:1008800038D0A0FB02CE4FF00005E1FB02E506F0F8
:100890000042E0FB03E54FF00006E1FB03569CF04D
:1008A000000F18BF4EF0010EA4F1FF04B6F5007F53
:1008B00064F5407404D25FEA4E0E6D4146EB0606C5
:1008C00042EAC62141EA55514FEAC52040EA5E504E
:1008D0004FEACE2EB4F1FD0C88BFBCF5E06F1ED8F8
:1008E000BEF1004F08BF5FEA500E50F1000041EB2F
:1008F000045170BD06F0004646EA010140EA0200DC
:1009000081EA0301B4EB5C04C2BFD4EB0C0541EAFD
:10091000045170BD41F480114FF0000E013C00F312
:10092000AB8014F1360FDEBF002001F0004170BD36
:10093000C4F10004203C35DA0C341BDC04F114044F
:10094000C4F1200500FA05F320FA04F001FA05F2DB
:1009500040EA020001F0004221F0004110EBD370A8
:1009600021FA04F642EB06015EEA430E08BF20EAD4
:10097000D37070BDC4F10C04C4F1200500FA04F377
:1009800020FA05F001FA04F240EA020001F0004109
:1009900010EBD37041F100015EEA430E08BF20EA7C
:1009A000D37070BDC4F1200500FA05F24EEA020EC4
:1009B00020FA04F301FA05F243EA020321FA04F0F3
:1009C00001F0004121FA04F220EA020000EBD370AA
:1009D0005EEA430E08BF20EAD37070BD94F0000FAA
:1009E0000FD101F00046400041EB010111F4801FDE
:1009F00008BF013CF7D041EA060195F0000F18BF8F
:100A0000704703F00046520043EB030313F4801FCA
:100A100008BF013DF7D043EA0603704794EA0C0F84
:100A20000CEA135518BF95EA0C0F0CD050EA41069A
:100A300018BF52EA4306D1D181EA030101F0004117
:100A40004FF0000070BD50EA410606BF104619463F
:100A500052EA430619D094EA0C0F02D150EA01364B
:100A600013D195EA0C0F05D152EA03361CBF10468C
:100A700019460AD181EA030101F0004141F0FE412B
:100A800041F470014FF0000070BD41F0FE4141F4AF
:100A9000780170BD70B54FF0FF0C4CF4E06C1CEAAF
:100AA00011541DBF1CEA135594EA0C0F95EA0C0F64
:100AB00000F0A7F8A4EB050481EA030E52EA03351F
:100AC0004FEA013100F088804FEA03334FF0805540
:100AD00045EA131343EA12634FEA022245EA11156D
:100AE00045EA10654FEA00260EF000419D4208BF1E
:100AF000964244F1FD0404F5407402D25B084FEACB
:100B00003202B61A65EB03055B084FEA32024FF476
:100B100080104FF4002CB6EB020E75EB030E22BFD3
:100B2000B61A754640EA0C005B084FEA3202B6EB93
:100B3000020E75EB030E22BFB61A754640EA5C0042
:100B40005B084FEA3202B6EB020E75EB030E22BFD2
:100B5000B61A754640EA9C005B084FEA3202B6EBD3
:100B6000020E75EB030E22BFB61A754640EADC0092
:100B700055EA060E18D04FEA051545EA16754FEAF4
:100B800006164FEAC30343EA52734FEAC2025FEA12
:100B90001C1CC0D111F4801F0BD141EA00014FF0A1
:100BA00000004FF0004CB6E711F4801F04BF014372
:100BB0000020B4F1FD0C88BFBCF5E06F3FF6AFAE8E
:100BC000B5EB030C04BFB6EB020C5FEA500C50F11E
:100BD000000041EB045170BD0EF0004E4EEA1131A1
:100BE00014EB5C04C2BFD4EB0C0541EA045170BDA8
:100BF00041F480114FF0000E013C90E645EA060EEC
:100C00008DE60CEA135594EA0C0F08BF95EA0C0F19
:100C10003FF43BAF94EA0C0F0AD150EA01347FF461
:100C200034AF95EA0C0F7FF425AF104619462CE738
:100C300095EA0C0F06D152EA03353FF4FDAE10469B
:100C4000194622E750EA410618BF52EA43067FF4EC
:100C5000C5AE50EA41047FF40DAF52EA43057FF47C
:100C6000EBAE12E74FF0FF3C06E000BF4FF0010C87
:100C700002E000BF4FF0010C4DF804CD4FEA410CEB
:100C80007FEA6C5C4FEA430C18BF7FEA6C5C1BD0B8
:100C900001B050EA410C0CBF52EA430C91EA030F39
:100CA00002BF90EA020F0020704710F1000F91EA96
:100CB000030F58BF994208BF90422CBFD8176FEA64
:100CC000E37040F0010070474FEA410C7FEA6C5C32
:100CD00002D150EA013C07D14FEA430C7FEA6C5C39
:100CE000D6D152EA033CD3D05DF8040B704700BF65
:100CF0008446104662468C461946634600E000BFB3
:100D000001B5FFF7B7FF002848BF10F1000F01BD84
:100D10004DF808EDFFF7F4FF0CBF012000205DF84F
:100D200008FB00BF4DF808EDFFF7EAFF34BF0120D4
:100D300000205DF808FB00BF4DF808EDFFF7E0FF6D
:100D400094BF012000205DF808FB00BF4DF808EDBE
:100D5000FFF7CEFF94BF012000205DF808FB00BF25
:100D60004DF808EDFFF7C4FF34BF012000205DF807
:100D700008FB00BF4FEA410C7FEA6C5C02D150EAED
:100D8000013C0AD14FEA430C7FEA6C5C02D152EA83
:100D9000033C02D14FF0000070474FF00100704754
:100DA0004FEA410212F5001215D211D56FF4787393
:100DB000B3EB625212D94FEAC12343F0004343EA36
:100DC000505311F0004F23FA02F018BF4042704711
:100DD0004FF00000704750EA013005D111F000409B
:100DE00008BF6FF0004070474FF00000704700BF31
:100DF0000348044B834202D0034B03B118477047AA
:100E0000C4060020C4060020000000000548064B70
:100E10001B1AD90F01EBA301491002D0034B03B1F8
:100E200018477047C4060020C406002000000000D8
:100E300010B5064C237843B9FFF7DAFF044B13B122
:100E40000448AFF300800123237010BDC8060020C2
:100E50000000000034AF000808B5054B1BB1054980
:100E60000548AFF30080BDE80840FFF7CFBF00BFE3
:100E700000000000CC06002034AF0008034B0360E4
:100E8000034B0B6080231360704700BFE80800200D
:100E9000E406002010B584B015E09FED3B7A77EEB4
:100EA000C77ADFED3A6A87EEA67ADFED397A67EE28
:100EB000277ACDED037A4FF0FF31364B186802F0F8
:100EC00047FE012851D04FF0FF31334B186802F034
:100ED0003FFE0128F7D1314BD3ED007AF8EE677A67
:100EE0009FED2F7A67EE877A9FED2E6A87EE865AFE
:100EF000D3ED017AF8EE677A67EE877AC7EE865A05
:100F0000D3ED027AF8EE677A67EE877AC7EE864A03
:100F1000D3ED036AF8EE666A66EE876AC6EE867AF5
:100F20009FED1B6A65EE066ACDED006ADFED1E6A75
:100F300065EEA66ACDED016AC4EE876A26EE867A72
:100F40008DED027A9FED107AF4EEC77AF1EE10FA89
:100F500001D5F0EE477A9FED157AF4EEC77AF1EEFF
:100F600010FA9ADDF0EE477A97E7114C04AB13E9DB
:100F70000F0084E80F0000231A4619460548006850
:100F800002F0B2FC9FE700BFCDCC4C3F6766464005
:100F90000000C842700A0020740A0020780A00206D
:100FA0003333534000F07F45000048439A9979401D
:100FB000600A002000B585B024E0214B0FCB0DF175
:100FC000100C0CE90F0000231A4619461D48006852
:100FD00002F08AFC1EE0002201211B4801F00CFAFD
:100FE0009DED027ADFED197AB4EEE77AF1EE10FAB0
:100FF0001FD501220221144801F0FEF94FF4FA70C6
:1010000003F0FEF94FF0FF310E4B186802F0A0FD1F
:101010000128D2D09DED007AF3EE0E7AB4EEE77A95
:10102000F1EE10FAD7DD01221146074801F0E4F98C
:10103000D6E700220221044801F0DEF9DEE700BF16
:10104000600A0020700A00200004024000002042D4
:1010500000B5ADB033E01E4B0FCB0DF1B00C0CE979
:101060000F0000231A4619461A48006802F03CFC9B
:101070002B98FFF709FACDE906012A98FFF704FA41
:10108000CDE904012998FFF7FFF9CDE9020128987D
:10109000FFF7FAF9CDE900010F4A802108A803F013
:1010A0004FFE08A8FFF70CFB4FF0FF3382B208A9F0
:1010B0000A4801F07AFF4FF47A7003F0A1F94FF07B
:1010C000FF31044B186802F043FD0128C3D0CFE77D
:1010D000600A0020700A002050AF0008880A002033
:1010E00000B5ADB033E01E4B0FCB0DF1B00C0CE9E9
:1010F0000F0000231A4619461A48006802F0F4FB54
:101100002A98FFF7C1F9CDE906012998FFF7BCF944
:10111000CDE904012B98FFF7B7F9CDE90201289832
:10112000FFF7B2F9CDE900010F4A802108A803F0CA
:1011300007FE08A8FFF7C4FA4FF0FF3382B208A9F0
:101140000A4801F032FF4FF4FA6003F059F94FF00A
:10115000FF31044B186802F0FBFC0128C3D0CFE735
:10116000600A0020700A002088AF0008880A00206A
:1011700002680E4B9A4200D0704700B583B000233E
:10118000019301A90A4B186802F089FC019B4BB13D
:101190004FF0E0234FF08052C3F8042DBFF34F8F80
:1011A000BFF36F8F03B05DF804FB00BF0020014068
:1011B000740A002000B589B00022039204920592BF
:1011C000069207920092144B196B41F001011963CA
:1011D000196B01F00101009100990192196B41F026
:1011E00002011963196B01F0020101910199029248
:1011F0001A6B42F004021A631B6B03F004030293A0
:10120000029B032303930123049303A9034801F0E2
:101210000FF809B05DF804FB0038024000040240FA
:10122000FEE7000000B595B03022002108A803F0C9
:1012300013FE0023039304930593069307930193EE
:101240001F4A116C41F080511164126C02F08052FF
:101250000192019A02931B490A6822F4404242F427
:1012600000420A600A6802F440420292029A022195
:10127000089101220B9210220C920E910F93109262
:101280004FF4A8731193042312930723139308A810
:1012900001F0B8F880B90F230393022104910023D1
:1012A00005934FF480520692079303A801F014FBB4
:1012B00020B915B05DF804FBFFF7B2FFFFF7B0FFF0
:1012C000003802400070004000B583B00023019355
:1012D000194A116B41F480011163126B02F4800210
:1012E0000192019A1548164A026043608360C36008
:1012F0004FF4806202614FF4805242614FF48042A9
:1013000082614FF48072C2614FF400320262436224
:1013100000F004FE70B90B4A084B93639A630022F5
:101320000521382000F05CFD382000F069FD03B095
:101330005DF804FBFFF774FF00380240CC0A002080
:10134000106402402C0B002000B585B000230093F0
:101350000193029303932448244A02604FF480329D
:101360004260836001220261027680F82030C3620D
:10137000C3600421C16180F83020436100F0F6FAB7
:1013800040BB00230093012301930323029369468A
:10139000154800F015FCF8B90123009302230193CE
:1013A0006946114800F00CFCC0B9022300930323E6
:1013B000019369460C4800F003FC88B903230093AD
:1013C000042301936946084800F0FAFB50B905B0C0
:1013D0005DF804FBFFF724FFFFF722FFFFF720FF74
:1013E000FFF71EFFFFF71CFF2C0B00200020014021
:1013F00008B50A480A4B03604FF4E1334360002309
:101400008360C36003610C2242618361C36101F0A8
:101410009DFD00B908BDFFF703FF00BF880A00204B
:101420000044004000B583B000F0E6F9FFF7FAFE93
:10143000FFF7C0FEFFF748FFFFF786FFFFF7D8FF73
:1014400004222249224800F0BDFA08B1FFF7E8FE65
:1014500003220021012002F023FA1E4B186000280D
:1014600030D0012002F010FB1B4B186060B3002449
:1014700001940323009323464FF4807217491848C0
:1014800002F039FE01940223009323464FF4807248
:101490001449154802F02FFE0194012500952346BA
:1014A0004FF480721149124802F025FE0194009514
:1014B00023464FF480720F490F4802F01CFE02F0E1
:1014C0004DFEFEE7FFF7ACFEFFF7AAFE780A00200C
:1014D0002C0B0020740A0020700A0020ACAF00081A
:1014E000950E0008B8AF0008B50F0008C4AF00089B
:1014F00051100008D0AF0008E110000808B50248FC
:1015000000F0A8FD08BD00BFCC0A002000B583B0E4
:10151000002200920D4B596C41F480415964596C82
:1015200001F48041009100990192196C41F08051C1
:1015300019641B6C03F080530193019B0F216FF022
:10154000010000F04DFC03B05DF804FB00380240E0
:1015500000B589B000230393049305930693079382
:10156000026803F1804303F590339A4202D009B038
:101570005DF804FB0021019103F58C335A6C42F4B1
:1015800080725A645A6C02F480720192019A02913C
:101590001A6B42F001021A631B6B03F00103029302
:1015A000029B532303930323049303A9014800F0F0
:1015B0003FFEDCE70000024000B589B00023039342
:1015C00004930593069307930268144B9A4202D042
:1015D00009B05DF804FB0021019103F5FA331A6CA0
:1015E00042F400321A641A6C02F400320192019A39
:1015F00002911A6B42F001021A631B6B03F00103A4
:101600000293029B0C230393022304930723079363
:1016100003A9034800F00CFEDAE700BF00440040D5
:101620000000024030B589B00546002401941D4BEE
:101630005A6C42F001025A645B6C03F0010301939F
:10164000019B02A903A801F01DFA01F00BFA164A4A
:10165000A2FB00239B0C013B1448154A026040F298
:10166000E732C260436004618460846101F076FB0C
:10167000044610B1204609B030BD0C4801F022FAF2
:1016800004460028F6D1192000F0BAFB0F2D01D92D
:101690000124EFE700222946192000F0A1FB054BA9
:1016A0001D60E7E70038024083DE1B43740B002017
:1016B0000000014004000020FEE7FEE7FEE7FEE731
:1016C000FEE7704708B5024801F03DFA08BD00BFCB
:1016D000740B00200120704708B503F091FC16231D
:1016E00003604FF0FF3008BD08B54FF0FF31FFF742
:1016F000F3FFFEE770B50C461646002506E0AFF393
:101700000080214601F8010B01350C46B542F6DB9D
:10171000304670BD70B50C461646002504E014F83E
:10172000010BAFF300800135B542F8DB304670BDE8
:101730004FF0FF3070474FF400534B60002070476C
:10174000012070470020704710B503460C4A0D4930
:101750000D48006840B10C4800680344521A934297
:1017600006D8094A136010BD0748084C0460F2E728
:1017700003F046FC0C2303604FF0FF30F3E700BF9B
:101780000080012000040000BC0B0020304C002031
:10179000034AD2F8883043F47003C2F888307047A7
:1017A00000ED00E0DFF834D00D480E490E4A00236A
:1017B00002E0D458C4500433C4188C42F9D30B4A05
:1017C0000B4C002301E013600432A242FBD3FFF76D
:1017D000DFFF03F01BFCFFF725FE704700800120B0
:1017E00000000020C406002000B40008C806002045
:1017F0002C4C0020FEE7000008B50B4B1A6842F4A1
:1018000000721A601A6842F480621A601A6842F420
:1018100080721A60032000F0D1FA0F20FFF702FF58
:10182000FFF774FE002008BD003C0240014B186821
:10183000704700BFC00B00204A4B5A6822F4403268
:101840005A605A6841680A435A600268536823F430
:101850008073536002685368016943EA012353604F
:101860000268536823F040735360026853688168CC
:101870000B4353600268936823F40063936002682B
:101880009368C1680B439360826A374B9A4257D082
:101890000268936823F07063936002689368816ABA
:1018A0000B4393600268936823F04053936002688F
:1018B0009368C16A0B4393600268936823F0020344
:1018C000936002689368017E43EA4103936090F855
:1018D0002030002B3FD00268536843F4006353600C
:1018E0000268536823F46043536001684B68426A9E
:1018F000013A43EA42334B600268D36A23F470032F
:10190000D3620168CB6AC269013A43EA0253CB62EF
:101910000268936823F4007393600268936890F8F8
:10192000301043EA412393600268936823F4806394
:10193000936002689368416943EA8123936070472A
:101940000268936823F0706393600268936823F0E1
:1019500040539360B0E70268536823F40063536018
:10196000CAE700BF002301400100000F38B310B5E3
:101970000446036C43B1236C13F0100F0BD001200D
:10198000002384F83C3010BDFFF7E2FD00236364C0
:1019900084F83C30EFE7236C23F4885323F00203F0
:1019A00043F0020323642046FFF746FF00206064F3
:1019B000236C23F0030343F001032364E0E70120D9
:1019C0007047000010B582B013460022019290F8D3
:1019D0003C20012A00F094800446012280F83C203B
:1019E0000268906810F0010F13D1906840F0010078
:1019F0009060464A1068464AA2FB0020800C00EB2B
:101A00004000019002E001980138019001980028FF
:101A1000F9D12268906810F4807F03D0906820F498
:101A2000807090602268906810F0010F5DD0206C8B
:101A300020F4E06020F0010040F4807020645268DF
:101A400012F4806F05D0226C22F4405242F480528E
:101A50002264226C12F4805F34D0626C22F00602A1
:101A60006264002284F83C20A26B2A48D063A26BF7
:101A700029481064A26B2948D06422686FF02200C4
:101A800010602068426842F080624260206882688C
:101A900042F48072826020680A4600F14C01A06B1B
:101AA00000F0A2FA1E4B5B6813F01F0F0DD12368E4
:101AB0009A6812F0405F25D19A6842F080429A609D
:101AC00000201BE000226264CBE72368154A9342A2
:101AD00001D0002012E09A6812F0405F14D19A6899
:101AE00042F080429A60002008E0236C43F010032B
:101AF0002364636C43F001036364002002B010BDF3
:101B00000220FBE70020F9E70020F7E700000020B3
:101B100083DE1B434D1B00082B1B0008371B0008EE
:101B20000023014000200140704708B5806BFFF79B
:101B3000FBFF08BD704708B5806B40230364436C0E
:101B400043F004034364FFF7F5FF08BD08B50346FF
:101B5000806B026C12F0500F25D1036C43F40073BC
:101B6000036403689A6812F0405F19D1027EBAB923
:101B7000DA6A12F4700F03D09A6812F4806F0FD1F2
:101B80005A6822F020025A60036C23F480730364C5
:101B9000036C13F4805F03D1036C43F0010303640F
:101BA000FFF7E6FA08BD026C12F0100F04D1826B49
:101BB000D26C18469047F5E7FFF7BCFFF2E700004C
:101BC00030B482B00022019290F83C20012A00F04B
:101BD000B6800346012280F83C200A68092A40D9D1
:101BE0000468E06892B202EB42021E3A4FF0070C22
:101BF0000CFA02F220EA0202E2601C68E0680A883D
:101C000002EB42021E3A8D6805FA02F20243E260DC
:101C10004A68062A3CD81C68606B02EB8202053ACF
:101C20004FF01F0C0CFA02F220EA020262631C68F9
:101C3000606B4A6802EB8202053AB1F800C00CFA08
:101C400002F20243626318683E4A904250D018681C
:101C50003C4A904255D0002083F83C0002B030BC92
:101C600070470468206992B202EB42024FF0070C01
:101C70000CFA02F220EA020222611C6820690A883A
:101C800002EB42028D6805FA02F202432261BFE7CD
:101C90000C2A16D81D68286B02EB8202233A1F24F7
:101CA00004FA02F220EA02022A631D68286B4A68DD
:101CB00002EB8202233A0C8804FA02F202432A63FE
:101CC000C1E71D68E86A02EB8202413A1F2404FA68
:101CD00002F220EA0202EA621D68E86A4A6802EB40
:101CE0008202413A0C8804FA02F20243EA62AAE74D
:101CF0000A68122AABD11448426842F4800242605A
:101D0000A5E70A68103A012AA5D80F48426842F4AC
:101D1000000242600A68102A9DD10C4A12680C49E0
:101D2000A1FB0212920C02EB82025200019202E02D
:101D3000019A013A0192019A002AF9D18BE7022017
:101D40008CE700BF0020014000230140000000207C
:101D500083DE1B43002808DB0901C9B200F16040A3
:101D600000F5614080F80013704700F00F00090192
:101D7000C9B2014B1954704714ED00E000B500F0F2
:101D80000700C0F1070CBCF1040F28BF4FF0040C92
:101D9000031D062B0FD9C31E4FF0FF3E0EFA0CF0A9
:101DA00021EA000199400EFA03FE22EA0E0241EAFE
:101DB00002005DF804FB0023EEE70000074AD36849
:101DC00023F4E0631B041B0C000200F4E0600343F7
:101DD00043F0BF6343F40033D360704700ED00E08D
:101DE00010B50446054BD868C0F30220FFF7C6FFC4
:101DF00001462046FFF7AEFF10BD00BF00ED00E03A
:101E0000002807DB00F01F02400901239340024A2B
:101E100042F82030704700BF00E100E030B40568B0
:101E20002C6824F480242C60046863608368402B51
:101E300005D0036899600368DA6030BC70470368B6
:101E40009A600368D960F8E710B40368D9B2103912
:101E50000C4AA2FB014212090B4CA25CC2655F292D
:101E600009D923F47F7323F0030304338365806D62
:101E70005DF8044B704723F47F7323F003038365FD
:101E8000F5E700BFABAAAAAAF4AF0008836A82698B
:101E900092B9012B0AD0022B02D00BB1002070475F
:101EA000C36A13F0807F28D100207047C36AB3F162
:101EB000C07F24D000207047B2F5005F09D0022B0C
:101EC00025D9032B25D1C36A13F0807F23D10020AD
:101ED0007047032B03D8DFE803F01404140A002032
:101EE0007047C36A13F0807F0DD100207047C36A2A
:101EF000B3F1C07F09D00020704701207047012056
:101F00007047012070470120704701207047012071
:101F100070470020704701207047000070B50446EC
:101F2000FFF784FC002C5BD00546022384F8353093
:101F3000002384F834302268136823F0010313600F
:101F400023681A6812F0010F0AD0FFF76FFC431BD9
:101F5000052BF5D920236365032084F8350070BD77
:101F60001A68204911406268A0680243E068024391
:101F70002069024360690243A0690243E0690243A9
:101F8000206A02430A43616A04291ED01A60266847
:101F9000756925F00705636A1D43042B07D1A36A01
:101FA0001D43E36A1BB12046FFF770FF90B97561CE
:101FB0002046FFF749FFE26D3F23934083600020F6
:101FC0006065012384F83530C9E7E16A206B01437D
:101FD0000A43DBE740236365012084F83500BEE750
:101FE0000120BCE73F8010F038B50446856D90F8BD
:101FF000340001282BD0012084F8340094F83500F7
:10200000C0B2012804D0002384F83430022038BD47
:10201000022084F83500002060652046FFF7FEFEB0
:10202000E26D3F239340AB602268136843F01603D0
:102030001360236C23B12268136843F00803136014
:102040002268136843F0010313600020DFE70220D9
:10205000DDE70000F0B583B0044600230193724B26
:102060001D68724BA3FB0535AD0A876D3E68C26DD6
:1020700008239340334210D003681A6812F0040F0B
:102080000BD01A6822F004021A60C26D0823934034
:10209000BB60436D43F001034365E26D0123934050
:1020A000334209D02268526912F0800F04D0BB601D
:1020B000636D43F002036365E26D04239340334292
:1020C00009D02268126812F0020F04D0BB60636D61
:1020D00043F004036365E26D10239340334224D040
:1020E0002268126812F0080F1FD0BB6023681A68BC
:1020F00012F4802F0DD01B6813F4002F04D1236C31
:102100009BB12046984710E0A36C73B120469847D6
:102110000BE01A6812F4807F03D11A6822F00802DB
:102120001A60236C0BB120469847E26D2023934040
:10213000334255D02268126812F0100F50D0BB60A5
:1021400094F83530DBB2052B0ED023681A6812F4F0
:10215000802F33D01B6813F4002F2AD1636C002B1F
:102160003ED0204698473BE02268136823F01603D0
:1021700013602268536923F080035361236CA3B179
:102180002268136823F008031360E26D3F23934035
:10219000BB60012384F83530002384F83430236D8C
:1021A000002B3FD0204698473CE0A36C002BE7D1A2
:1021B000EBE7E36BA3B12046984711E01A6812F4ED
:1021C000807F09D11A6822F010021A60012384F876
:1021D0003530002384F83430E36B0BB12046984748
:1021E000636DFBB1636D13F0010F17D0052384F805
:1021F00035302268136823F001031360019B01331B
:102200000193AB4204D823681B6813F0010FF5D18A
:10221000012384F83530002384F83430E36C0BB1AB
:102220002046984703B0F0BD00000020B5814E1B4A
:1022300000230F2B00F2D78070B582B065E085686F
:102240004FEA430E032404FA0EF425EA0405CC6891
:1022500004FA0EF42C438460446824EA02044A68B9
:10226000C2F300129A40224342605CE0DC0808346A
:1022700050F8242003F00705AD004FF00F0E0EFAC2
:1022800005FE22EA0E0E0A69AA4042EA0E0240F852
:1022900024205CE0042200E0002202FA0EF22A432D
:1022A0000234514D45F82420504A94686FEA0C02DC
:1022B00024EA0C054E6816F4801F01D04CEA040590
:1022C0004A4CA560E46802EA04054E6816F4001F53
:1022D00001D04CEA0405454CE560646802EA040557
:1022E0004E6816F4003F01D04CEA04053F4C65608F
:1022F000246822404D6815F4803F01D04CEA040266
:102300003A4C226001330F2B6BD801229A400C68A3
:1023100004EA020C32EA0404F4D14C6804F0030429
:10232000013C012C8BD94A6802F00302032A09D030
:10233000C4685D000322AA4024EA02048A68AA4015
:102340002243C2604A6802F00302022A8ED0046867
:102350004FEA430E032202FA0EF224EA02044A680C
:1023600002F0030202FA0EF2224302604A6812F4FB
:10237000403FC7D0002201921D4A546C44F480446F
:102380005464526C02F480420192019A9C08A51C8C
:10239000154A52F8255003F0030E4FEA8E0E0F2215
:1023A00002FA0EF225EA0205124A90423FF474AF97
:1023B00002F5806290420ED002F5806290420CD00D
:1023C00002F5806290420AD002F5806290423FF4AA
:1023D00061AF072261E701225FE702225DE7032286
:1023E0005BE702B070BD704700380140003C01401F
:1023F00000380240000002400AB1816170470904C0
:1024000081617047002800F0E08170B582B0044619
:10241000036813F0010F3BD09F4B9B6803F00C0344
:10242000042B2CD09C4B9B6803F00C03082B21D071
:102430006368B3F5803F4FD0B3F5A02F52D0964BD1
:102440001A6822F480321A601A6822F480221A6014
:102450006368002B50D0FFF7E9F905468E4B1B68E7
:1024600013F4003F14D1FFF7E1F9401B6428F5D9BC
:102470000320B1E1884B5B6813F4800FD8D0864B02
:102480001B6813F4003F03D06368002B00F09F81AA
:10249000236813F0020F54D07F4B9B6813F00C0F8E
:1024A0003ED07D4B9B6803F00C03082B33D0E368D0
:1024B000002B68D0794B01221A60FFF7B7F9054667
:1024C000754B1B6813F0020F54D1FFF7AFF9401B97
:1024D0000228F5D903207FE16F4A136843F4803363
:1024E0001360B5E76C4B1A6842F480221A601A68D0
:1024F00042F480321A60ABE7FFF798F90546664B65
:102500001B6813F4003FC3D0FFF790F9401B642809
:10251000F5D9032060E1604B5B6813F4800FC6D1EE
:102520005D4B1B6813F0020F03D0E368012B40F0F2
:102530005081594A136823F0F803216943EAC10323
:102540001360236813F0080F42D063696BB3534BD9
:102550000122C3F8802EFFF769F905464E4B5B6FE9
:1025600013F0020F34D1FFF761F9401B0228F5D9AF
:10257000032031E1484A136823F0F803216943EA54
:10258000C1031360DDE7454B00221A60FFF74EF9E7
:102590000546414B1B6813F0020FD2D0FFF746F9F6
:1025A000401B0228F5D9032016E13C4B0022C3F85A
:1025B000802EFFF73BF90546374B5B6F13F0020F98
:1025C00006D0FFF733F9401B0228F5D9032003E1B9
:1025D000236813F0040F77D02F4B1B6C13F0805F30
:1025E00033D1002301932C4B1A6C42F080521A64B1
:1025F0001B6C03F080530193019B0125284B1B6842
:1026000013F4807F23D0A368012B34D0052B38D05E
:10261000214B1A6F22F001021A671A6F22F004028E
:102620001A67A368002B3DD0FFF700F906461A4B46
:102630001B6F13F0020F46D1FFF7F8F8801B41F231
:1026400088339842F3D90320C6E00025D6E7144A20
:10265000136843F480731360FFF7E8F80646104BE5
:102660001B6813F4807FCED1FFF7E0F8801B0228AF
:10267000F5D90320B0E0084A136F43F00103136754
:10268000CFE7054B1A6F42F004021A671A6F42F047
:1026900001021A67C5E700BF003802400000474248
:1026A00000700040FFF7C2F80646524B1B6F13F054
:1026B000020F08D0FFF7BAF8801B41F28833984226
:1026C000F3D9032088E0EDB9A369002B00F08380E3
:1026D000484A926802F00C02082A51D0022B17D007
:1026E000454B00221A66FFF7A1F80446414B1B68D0
:1026F00013F0007F42D0FFF799F8001B0228F5D9AC
:10270000032069E03B4A136C23F080531364DBE73A
:10271000394B00221A66FFF789F80546354B1B68CE
:1027200013F0007F06D0FFF781F8401B0228F5D98F
:10273000032051E0E369226A1343626A43EA821389
:10274000A26A5208013A43EA0243E26A43EA026398
:10275000284A5360284B01221A66FFF767F804469F
:10276000244B1B6813F0007F06D1FFF75FF8001BB6
:102770000228F5D903202FE000202DE000202BE0D7
:10278000012B2BD01B4B5B6803F48001E269914263
:1027900026D103F03F02216A8A4223D1616A47F6BB
:1027A000C0721A40B2EB811F1ED103F44031A26AFD
:1027B0005208013AB1EB024F18D103F07063E26A9C
:1027C000B3EB026F14D1002006E001207047012016
:1027D00002E0012000E0002002B070BD0120FBE714
:1027E0000120F9E70120F7E70120F5E70120F3E7F1
:1027F0000120F1E7003802400000474208B5334BA2
:102800009B6803F00C03042B5BD0082B5BD12F4B90
:102810005A6802F03F025B6813F4800F2CD02B4BF8
:102820005868C0F388104FEA401CBCEB000C6EEBFC
:102830000E0E4FEA8E1343EA9C634FEA8C11B1EB04
:102840000C0163EB0E03DB0043EA5173C90011EB8B
:10285000000C43F10003590200234FEA4C2041EAE7
:10286000DC51FDF769FE194B5B68C3F3014301338B
:102870005B00B0FBF3F027E0144B5868C0F38810FE
:102880004FEA401CBCEB000C6EEB0E0E4FEA8E13B1
:1028900043EA9C634FEA8C11B1EB0C0163EB0E032E
:1028A000DB0043EA5173C90011EB000C43F1000354
:1028B000990200234FEA8C2041EA9C51FDF73CFE2F
:1028C000D1E7034800E0034808BD00BF00380240DC
:1028D00000127A000024F400002800F09B8070B5FC
:1028E0000D4604464F4B1B6803F007038B4208D28A
:1028F000CBB24C4A1370136803F007038B4240F0CD
:102900008B80236813F0020F17D013F0040F04D04C
:10291000454A936843F4E0539360236813F0080F2B
:1029200004D0414A936843F4604393603E4A9368FD
:1029300023F0F003A1680B439360236813F0010FA9
:1029400032D06368012B21D09A1E012A25D9364A3C
:10295000126812F0020F61D033498A6822F0030234
:1029600013438B60FEF762FF06462F4B9B6803F014
:102970000C036268B3EB820F16D0FEF757FF801B83
:1029800041F288339842F0D9032042E0264A126887
:1029900012F4003FE0D101203BE0234A126812F01C
:1029A000007FD9D1012034E01E4B1B6803F00703E0
:1029B000AB4207D9EAB21B4B1A701B6803F007033E
:1029C000AB422DD1236813F0040F06D0164A93684A
:1029D00023F4E053E1680B439360236813F0080F7E
:1029E00007D0114A936823F46043216943EAC10385
:1029F0009360FFF703FF0C4B9B68C3F303130B4A71
:102A0000D35CD8400A4B18600A4B1868FEF70AFEE0
:102A1000002070BD012070470120FAE70120F8E78F
:102A20000120F6E7003C024000380240E4AF000815
:102A30000000002004000020014B1868704700BF10
:102A40000000002008B5FFF7F7FF044B9B68C3F3B5
:102A50008223034AD35CD84008BD00BF003802403F
:102A6000DCAF000808B5FFF7E7FF044B9B68C3F332
:102A70004233034AD35CD84008BD00BF003802404F
:102A8000DCAF00080F2303600B4B9A6802F00302CF
:102A900042609A6802F0F00282609A6802F4E052A2
:102AA000C2609B68DB0803F4E0530361034B1B68BF
:102AB00003F007030B60704700380240003C0240FF
:102AC0007047000090F83D30DBB2012B2FD102237C
:102AD00080F83D300268D36843F00103D360036897
:102AE000154A934218D0B3F1804F15D0A2F57C421D
:102AF000934211D002F5806293420DD002F58062BC
:102B0000934209D002F59A32934205D01A6842F0F6
:102B100001021A60002070479A6802F00702062A34
:102B200007D01A6842F001021A60002070470120A5
:102B300070470020704700BF000001407047704799
:102B400070477047704710B5044603681A6912F061
:102B5000020F11D0DA6812F0020F0DD06FF00202EE
:102B60001A610123037703689B6913F0030F70D088
:102B7000FFF7E6FF0023237723681A6912F0040F9A
:102B800012D0DA6812F0040F0ED06FF004021A614E
:102B90000223237723689B6913F4407F5FD020468C
:102BA000FFF7CEFF0023237723681A6912F0080F7E
:102BB00012D0DA6812F0080F0ED06FF008021A6116
:102BC000042323772368DB6913F0030F4ED02046DC
:102BD000FFF7B6FF0023237723681A6912F0100F5E
:102BE00012D0DA6812F0100F0ED06FF010021A61D6
:102BF000082323772368DB6913F4407F3DD0204608
:102C0000FFF79EFF0023237723681A6912F0010F54
:102C100003D0DA6812F0010F36D123681A6912F076
:102C2000800F03D0DA6812F0800F34D123681A695C
:102C300012F0400F03D0DA6812F0400F32D123684F
:102C40001A6912F0200F03D0DA6812F0200F30D189
:102C500010BDFFF774FF2046FFF773FF8AE7204699
:102C6000FFF76DFF2046FFF76CFF9BE72046FFF75D
:102C700066FF2046FFF765FFACE72046FFF75FFFE2
:102C80002046FFF75EFFBDE76FF001021A612046A4
:102C9000FFF754FFC1E76FF080021A61204600F091
:102CA0008AF8C3E76FF040021A612046FFF74AFF37
:102CB000C5E76FF020021A61204600F07BF8C7E7F5
:102CC0000368254A90420ED0B0F1804F0BD0A2F598
:102CD0007C42904207D002F58062904203D002F518
:102CE0008062904203D123F070034A6813431A4A6A
:102CF00090421AD0B0F1804F17D0A2F57C4290429A
:102D000013D002F5806290420FD002F580629042AB
:102D10000BD002F59A32904207D002F580629042C1
:102D200003D002F58062904203D123F44073CA6855
:102D3000134323F080034A69134303608B68C36223
:102D40000B688362044B984202D0012343617047B1
:102D50000B690363F9E700BF0000014040B310B501
:102D6000044690F83D30F3B1022384F83D3021460B
:102D700051F8040BFFF7A4FF012384F8463084F8D0
:102D80003E3084F83F3084F8403084F8413084F895
:102D9000423084F8433084F8443084F8453084F875
:102DA0003D30002010BD80F83C30FFF789FEDBE7A6
:102DB000012070477047704710B5044602681369D8
:102DC00023F44053C1680B431361836802691A43BB
:102DD00043691A43C3691A430168CB6823F4164355
:102DE00023F00C031343CB600268536923F4407350
:102DF00081690B4353610368314A934206D002F55F
:102E00008062934202D0FFF71DFE01E0FFF72AFE29
:102E1000E369B3F5004F29D00021031849411B187D
:102E200041F10001C90041EA5371DB0018186368E1
:102E30004FEA83024FEA937341F10001FDF77CFBF7
:102E4000204AA2FB00314909642303FB11031B0143
:102E50003233A2FB03235B0903F0F00202EB011201
:102E600003F00F03216813448B6010BD0023021888
:102E700043EB0301121841F10001C90041EA52710C
:102E8000D200101841F10001626892185B41FDF711
:102E900053FB0C4AA2FB00314909642303FB1103D5
:102EA000DB003233A2FB03235B095A0002F4F87201
:102EB00002EB011203F00703216813448B60D4E78F
:102EC000001001401F85EB512DE9F84305460F46E0
:102ED00016469946DDF820802B681C6837EA040402
:102EE0000CBF01240024B4422DD1B8F1FF3FF3D030
:102EF000B8F1000F05D0FEF799FCA0EB09004045A2
:102F0000EAD92A6802F10C0353E8003F23F4D07396
:102F10000C3242E800310029F3D12A6802F114038F
:102F200053E8003F23F00103143242E80031002946
:102F3000F3D1202385F83D3085F83E30002385F815
:102F40003C30032000E00020BDE8F88358B310B502
:102F5000044690F83D300BB3242384F83D302268BA
:102F6000D36823F40053D3602046FFF725FF22687F
:102F7000136923F4904313612268536923F02A03F1
:102F800053612268D36843F40053D3600020206467
:102F9000202384F83D3084F83E3010BD80F83C306A
:102FA000FEF70AFBD8E7012070472DE9F04182B017
:102FB0001E4690F83D30DBB2202B54D104460D461E
:102FC0009046002953D0002A53D090F83C30012B72
:102FD00051D0012380F83C3000230364212380F882
:102FE0003D30FEF723FC0746A4F82480A4F8268091
:102FF000A368B3F5805F05D04FF00008002384F884
:103000003C3012E0236913B14FF00008F6E7A84600
:103010000025F3E738F8023B2268C3F30803536046
:10302000E28C92B2013A92B2E284E38C9BB273B129
:1030300000963B46002280212046FFF745FFE0B97D
:10304000002DE7D015F8012B23685A60E8E70096B9
:103050003B46002240212046FFF736FF78B9202367
:1030600084F83D3000E0022002B0BDE8F08101208C
:10307000FAE70120F8E70220F6E70320F4E703204F
:10308000F2E700F1080343604FF0FF328260C36053
:1030900003610023036070470023036170474368A6
:1030A0004B609A688A6051609960086103680133D7
:1030B0000360704730B40D68B5F1FF3F11D000F1E7
:1030C00008031C465B681A68AA42FAD963684B6019
:1030D00099608C606160086103680133036030BCF3
:1030E00070470469F2E70369416882688A60416851
:1030F00051605A68824206D0002202611A68013A81
:103100001A601868704782685A60F5E782B0002339
:1031100001930D4B1B68B3F1FF3F08D04FF05003F4
:1031200083F31188BFF36F8FBFF34F8FFEE74FF02C
:10313000500383F31188BFF36F8FBFF34F8F019B51
:10314000002BFCD002B0704708000020084800683F
:10315000006880F308884FF0000080F3148862B69E
:1031600061B6BFF34F8FBFF36F8F00DF00BF00006A
:1031700008ED00E0DFF80C00016841F47001016027
:103180007047000088ED00E04FF0807340F8043C89
:1031900021F0010140F8081C054B40F80C3C40F8B8
:1031A000202C6FF0020340F8243C4438704700BFE5
:1031B0000D310008000000000000000000000000C9
:1031C000074B19680868B0E8F04F80F30988BFF32F
:1031D0006F8F4FF0000080F311887047AFF30080CD
:1031E000144900204FF0500383F31188BFF36F8F11
:1031F000BFF34F8F0B4A136801331360012B00D0CC
:1032000070474FF0E023D3F8043D13F0FF0FF7D0E1
:103210004FF0500383F31188BFF36F8FBFF34F8FCD
:10322000FEE700BF08000020094B1B6843B94FF0C0
:10323000500383F31188BFF36F8FBFF34F8FFEE707
:10324000013B034A13600BB983F31188704700BF39
:103250000800002000000000000000000000000046
:10326000EFF30980BFF36F8F154B1A681EF0100F34
:1032700008BF20ED108A20E9F04F10602DE9090009
:103280004FF0500080F31188BFF34F8FBFF36F8F63
:1032900001F0DCF84FF0000080F3118809BC1968D8
:1032A0000868B0E8F04F1EF0100F08BFB0EC108AAD
:1032B00080F30988BFF36F8F704700BFAFF30080C2
:1032C0001449002008B54FF0500383F31188BFF371
:1032D0006F8FBFF34F8F00F08BFF28B14FF0E023CB
:1032E0004FF08052C3F8042D002383F3118808BDEA
:1032F0004FF0E022002313619361054B1B680549E1
:10330000A1FB03139B09013B536107231361704722
:1033100000000020D34D62104FF0E023D3F8002DC1
:103320003D4B9A421CD04FF0E023D3F8002D3B4B8D
:103330009A421ED030B583B0394B1A78D2B201927E
:10334000FF221A701B78DBB28DF803309DF8033032
:1033500003F05003334A1370334B07221A601BE00B
:103360004FF0500383F31188BFF36F8FBFF34F8F7C
:10337000FEE74FF0500383F31188BFF36F8FBFF365
:103380004F8FFEE7284A1368013B13609DF8033016
:103390005B00DBB28DF803309DF8033013F0800F33
:1033A000F0D1214B1B68032B08D04FF0500383F35F
:1033B0001188BFF36F8FBFF34F8FFEE71B021A4ACE
:1033C000136003F4E0631360019BDBB2144A1370D3
:1033D0004FF0E024D4F8203D43F47003C4F8203DBE
:1033E000D4F8203D43F07043C4F8203DFFF780FF40
:1033F00000250E4B1D60FFF7BDFED4F8343F43F0AF
:103400004043C4F8343FFFF7A1FE01F01FF8FFF777
:103410007DFE284603B030BD71C20F4170C20F411E
:1034200000E400E0C80B0020C40B002008000020CE
:10343000EFF305830F2B0FD9114A9B5CDBB2114AC6
:1034400012789A4208D94FF0500383F31188BFF3E2
:103450006F8FBFF34F8FFEE74FF0E023D3F80C3DA3
:1034600003F4E063084A1268934208D94FF050030E
:1034700083F31188BFF36F8FBFF34F8FFEE7704761
:10348000F0E300E0C80B0020C40B0020124A12F049
:10349000070F1ED0D11D21F00701C1F57053134451
:1034A0000A460E480260002141601344083B23F0A5
:1034B00007030B48036059601960991A5160136043
:1034C000084B1960084B1960084B4FF000421A6016
:1034D00070474FF47053E4E7EC0B0020E40B00203E
:1034E000E00B0020D80B0020DC0B0020CC0B0020D0
:1034F000164B1A461B688342FBD3516802EB010C42
:10350000844509D0416800EB010C634509D0036094
:10351000904219D0106070474068014451601046D5
:10352000F0E710B40A4C2468A3420BD05B6819443E
:10353000416013681B680360904200D010605DF822
:10354000044B70470460F7E7704700BFE40B0020AE
:10355000E00B002038B5044600F042FE384B1B68F3
:10356000B3B1384B1B681C4250D1002C50D004F131
:10357000080214F0070F02D022F007020832002AD6
:1035800055D0314B1B68934253D330490C6804E04B
:10359000FFF77CFFE5E721461C466368934202D2B1
:1035A0002368002BF7D1264B1B68A34243D00D683C
:1035B000083523680B6063689B1A102B10D9A0187C
:1035C00010F0070F08D04FF0500383F31188BFF3BA
:1035D0006F8FBFF34F8FFEE743606260FFF788FF96
:1035E000626819490B689B1A0B60194909688B427C
:1035F00001D217490B60134B1B6813436360002310
:103600002360144A13680133136002E0002500E0D0
:10361000002500F079FE15F0070F0ED04FF0500393
:1036200083F31188BFF36F8FBFF34F8FFEE7002541
:10363000EFE70025EDE70025EBE7284638BD00BFA2
:10364000E00B0020CC0B0020DC0B0020E40B002062
:10365000D80B0020D40B0020002834D038B5044605
:10366000A0F1080550F8043C174A1268134208D12B
:103670004FF0500383F31188BFF36F8FBFF34F8F69
:10368000FEE750F8081C41B14FF0500383F3118856
:10369000BFF36F8FBFF34F8FFEE723EA020340F8BB
:1036A000043C00F09DFD54F8041C084A13680B44C8
:1036B00013602846FFF71CFF054A136801331360A7
:1036C00000F022FE38BD7047CC0B0020DC0B002040
:1036D000D00B00200346406A18B11B6B1868C0F17C
:1036E0000700704710B50446FFF77CFDA26BE36B43
:1036F0009A4204D00024FFF797FD204610BD012414
:10370000F9E710B50446FFF76DFDA36B23B901245B
:10371000FFF78AFD204610BD0024F9E770B5044686
:103720001546866B026C5AB903681BB1002001363E
:10373000A66370BD806800F0F3FF0023A360F6E786
:103740006DB94068FCF712FF6368226C1344636034
:10375000A268934219D3236863602846E7E7C068EC
:10376000FCF704FFE368226C51429B1AE360226875
:10377000934202D2A3680B44E360022D01D00020E3
:10378000D5E726B1013E0020D1E72846CFE700204B
:10379000CDE738B50546FFF725FD95F8454064B2FD
:1037A00001E0013C64B2002C0ADD6B6A43B105F113
:1037B000240000F0B5FE0028F3D000F045FFF0E74C
:1037C000FF2385F84530FFF72FFDFFF70BFD95F838
:1037D000444064B201E0013C64B2002C0ADD2B6974
:1037E00043B105F1100000F09BFE0028F3D000F07B
:1037F0002BFFF0E7FF2385F84430FFF715FD38BDB8
:1038000038B5E0B10D460446FFF7ECFC2368E26BE7
:10381000216C01FB0230A0600020A0636360013ACC
:1038200002FB0133E360FF2384F8443084F8453021
:10383000FDB9236963B9FFF7F7FC012038BD4FF0EC
:10384000500383F31188BFF36F8FBFF34F8FFEE7F1
:1038500004F1100000F064FE0028ECD04FF0E023EB
:103860004FF08052C3F8042DBFF34F8FBFF36F8F1B
:10387000E1E704F11000FFF704FC04F12400FFF776
:1038800000FCD8E710B5034602980C4631B9006039
:10389000C36304640121FFF7B3FF10BD0260F7E7C3
:1038A00040B94FF0500383F31188BFF36F8FBFF31C
:1038B0004F8FFEE7F0B583B00D461446064601FB78
:1038C00000F04830FFF746FE074650B1002380F86D
:1038D00046300090234600F1480229463046FFF763
:1038E000D1FF384603B0F0BDF0B585B0019288B184
:1038F0000F461D460446B1B1022D20D1E36B012BCA
:103900001DD04FF0500383F31188BFF36F8FBFF3C7
:103910004F8FFEE74FF0500383F31188BFF36F8F93
:10392000BFF34F8FFEE7036C002BE5D04FF0500341
:1039300083F31188BFF36F8FBFF34F8FFEE700F063
:1039400089FE064658B9019B002B48D04FF0500322
:1039500083F31188BFF36F8FBFF34F8FFEE700260D
:103960003DE02A4639462046FFF7D8FE636A7BB918
:1039700048B14FF0E0234FF08052C3F8042DBFF35D
:103980004F8FBFF36F8FFFF74FFC012005B0F0BDE5
:1039900004F1240000F0C4FD0028F4D04FF0E0232F
:1039A0004FF08052C3F8042DBFF34F8FBFF36F8FDA
:1039B000E9E7FFF739FC0020E8E702A800F0F6FD90
:1039C000012619E0002384F8443021E0002384F824
:1039D000453023E02046FFF7DCFE00F095FCFFF7C2
:1039E00001FCA26BE36B9A42BBD3022DB9D0019BC1
:1039F000002BDED0002EE0D0FFF716FC00F0F0FB2D
:103A0000FFF7F0FB94F8442052B2B2F1FF3FD9D057
:103A100094F8452052B2B2F1FF3FD7D0FFF704FC33
:103A200001A902A800F0CEFDD8B92046FFF75AFE42
:103A30000028CFD0019904F1100000F059FD204674
:103A4000FFF7A7FE00F060FC0028C8D14FF0E0238C
:103A50004FF08052C3F8042DBFF34F8FBFF36F8F29
:103A6000BDE72046FFF795FE00F04EFC00208DE7F5
:103A700048B108B5002181600160C1600B460A466B
:103A8000FFF732FF08BD704710B502460021012044
:103A9000FFF706FF0446FFF7EBFF204610BD68B1B5
:103AA00070B50C460546036C8BB14FF0500383F3A1
:103AB0001188BFF36F8FBFF34F8FFEE74FF05003B6
:103AC00083F31188BFF36F8FBFF34F8FFEE7036857
:103AD000EBB1FFF7ADFCEFF311864FF0500383F32A
:103AE0001188BFF36F8FBFF34F8FAA6BEB6B9342BD
:103AF00026D995F845305BB20132AA63B3F1FF3F96
:103B000011D001335BB285F84530012019E083689C
:103B1000002BDED04FF0500383F31188BFF36F8F7B
:103B2000BFF34F8FFEE76B6A0BB9012009E005F187
:103B3000240000F0F5FC38B144B10120206000E021
:103B4000002086F3118870BD0120FAE70120F8E714
:103B500070B584B0019158B10446036C8BB14FF03D
:103B6000500383F31188BFF36F8FBFF34F8FFEE7CE
:103B70004FF0500383F31188BFF36F8FBFF34F8F64
:103B8000FEE700F067FD054650B9019B5BB14FF0C1
:103B9000500383F31188BFF36F8FBFF34F8FFEE79E
:103BA0000026354655E0064653E0013BA3632368F3
:103BB0003BB123694BB9FFF737FB0126304604B010
:103BC00070BD00F05FFEA060F3E704F1100000F0AC
:103BD000A7FC0028EFD04FF0E0234FF08052C3F84D
:103BE000042DBFF34F8FBFF36F8FE4E746B14FF063
:103BF000500383F31188BFF36F8FBFF34F8FFEE73E
:103C0000FFF712FBDAE702A800F0D0FC01252AE05A
:103C1000002384F8443032E0002384F8453034E057
:103C2000FFF7E0FAA06800F025FD0646FFF7FCFA72
:103C30003BE02046FFF7ADFD00F066FB09E02046C3
:103C4000FFF7A7FD00F060FB2046FFF75AFD0028B4
:103C500042D1FFF7C7FAA36B002BA6D1019B002B23
:103C6000C4D0002DCFD0FFF7DFFA00F0B9FAFFF78C
:103C7000B9FA94F844305BB2B3F1FF3FC8D094F87E
:103C800045305BB2B3F1FF3FC6D0FFF7CDFA01A9D3
:103C900002A800F097FC0028D1D12046FFF731FDA3
:103CA0000028C6D02368002BBAD0019904F1240063
:103CB00000F01EFC2046FFF76CFD00F025FB0028FD
:103CC000C7D14FF0E0234FF08052C3F8042DBFF36B
:103CD0004F8FBFF36F8FBCE70EB900266EE7FFF77B
:103CE00081FA2046FFF7F6FC0146A06800F070FD5F
:103CF000FFF79AFAF1E70000084B1B681B6823B92D
:103D0000074B4FF0FF321A607047044B1B68DB68AB
:103D1000DB685A68024B1A60704700BF5C4800209D
:103D2000F44700202DE9F04707469846089DDDF846
:103D300024900A9C266B02F18042013A06EB82062F
:103D400026F00706002964D008464FF0000CBCF1AD
:103D50000F0F09D810F80C2004EB0C0383F8342063
:103D600012B10CF1010CF2E7002384F84330062D68
:103D700000D90625E56265644FF0000AC4F848A042
:103D8000201DFFF789F904F11800FFF785F9246178
:103D9000C5F10705A5616462C4F870A184F874A137
:103DA0004FF49072514604F1500001F055F81B4B4E
:103DB000636503F16802A265D033E3650122002345
:103DC000C4E93A2343F20E33A4F8F0304AF6CD3377
:103DD000A4F8F23041F23423A4F8F4304EF26D63CB
:103DE000A4F8F6304DF6EC63A4F8F8300523A4F8F7
:103DF000FA300B23A4F8FC30424639463046FFF730
:103E0000C3F92060B9F1000F01D0C9F80040BDE846
:103E1000F087002384F83430A9E700BF1849002058
:103E200038B5002407E004EB840293000E481844E0
:103E3000FFF727F90134062CF5D90C4D2846FFF77A
:103E400020F90B4C2046FFF71CF90A48FFF719F937
:103E50000948FFF716F90948FFF713F9084B1D60E9
:103E6000084B1C6038BD00BF884800207448002003
:103E700060480020444800203048002018480020B6
:103E80005C4800205848002010B50446FFF7AAF906
:103E9000214A136801331360204B1B685BB1204B30
:103EA0001B686BB91D4B1B68DA6AE36A9A4207D834
:103EB0001A4B1C6004E0194B1C601368012B28D0BE
:103EC000184A136801331360E06A01238340164ADD
:103ED00011680B43136000EB8000211D134B03EBB3
:103EE0008000FFF7DCF8FFF79FF90D4B1B687BB1F3
:103EF0000A4B1B68DA6AE36A9A4209D24FF0E02360
:103F00004FF08052C3F8042DBFF34F8FBFF36F8F74
:103F100010BDFFF785FFD3E71448002014490020A7
:103F200008480020F84700200C480020884800205E
:103F300010B50446503000F0F3FF94F8753163B1CA
:103F4000012B11D0022B0ED04FF0500383F31188B8
:103F5000BFF36F8FBFF34F8FFEE7206BFFF77CFB44
:103F60002046FFF779FB10BD2046FFF775FBFAE707
:103F70000F4B1B68D3B110B5FFF734F90D4BDB685D
:103F8000DC68201DFFF7AFF80B4A1368013B136094
:103F9000074A1368013B1360FFF746F92046FFF715
:103FA000C7FF034B1B68002BE6D110BD704700BF55
:103FB0002C480020304800201448002008B5FFF7A6
:103FC000D7FF074B1B68012BF9D94FF0E0234FF0C7
:103FD0008052C3F8042DBFF34F8FBFF36F8FEEE70E
:103FE0008848002070B504460D461D4B1E681D4BC9
:103FF00018680430FFF777F848B91A4B1B68DB6A7A
:1040000001229A4018490B6823EA02030B60B4F1BD
:10401000FF3F0DD03444134B1B685C60A64210D99F
:10402000124B18680F4B19680431FFF743F870BD45
:10403000002DEFD00B4B196804310D48FFF72FF816
:10404000F5E70C4B1868074B19680431FFF732F895
:10405000094B1B68A342EAD9074B1C60E7E700BF86
:1040600010480020144900200C4800205848002027
:10407000184800205C480020F447002030B587B085
:104080000B9C8CB10C9DC5B14FF4BC750495049D7F
:10409000B5F5BC7F1AD04FF0500383F31188BFF3FE
:1040A0006F8FBFF34F8FFEE74FF0500383F31188FC
:1040B000BFF36F8FBFF34F8FFEE74FF0500383F3D3
:1040C0001188BFF36F8FBFF34F8FFEE7049D0C9DE8
:1040D0002C63022485F8754100240394029505ACF5
:1040E00001940A9C0094FFF71DFE0C98FFF7CCFE8C
:1040F000059807B030BD2DE9F04385B007468846E6
:1041000014461E469000FFF725FA10B381464FF47F
:10411000BC70FFF71FFA0546A8B1C0F83090002325
:1041200080F87531039302900D9B01930C9B0093D3
:104130003346224641463846FFF7F4FD2846FFF74E
:10414000A3FE012007E04846FFF786FA4FF0FF3054
:1041500001E04FF0FF3005B0BDE8F08310B588B046
:1041600000240594069407AA06A905A8FCF786FE74
:10417000059B0293069B019300942346079A1049DE
:104180001048FFF77BFF104B1860B8B14FF0500399
:1041900083F31188BFF36F8FBFF34F8F0B4B1B68F7
:1041A00050330B4A13600B4B4FF0FF321A600A4B2F
:1041B00001221A60094B1C60FFF7AEF808B010BD71
:1041C000FCAF0008BD3F0008F04700201449002064
:1041D00018000020F4470020084800201048002064
:1041E000024A136801331360704700BFEC47002098
:1041F000F8B53A4B1B68002B69D1394B1D68013566
:104200001D60C5B9374B1B681B6843B14FF05003A5
:1042100083F31188BFF36F8FBFF34F8FFEE7314AEF
:104220001168314B186810601960304A1368013307
:104230001360FFF761FD2E4B1B68AB423DD9002791
:104240002C4B1B68DB6A03EB83039A002A4B9B58B9
:10425000012B00D90127294B1B68002B3CD00127DB
:104260003AE001271F4B1B681B6843B31D4B1B68BB
:10427000DB68DC6863689D4226D3261D3046FEF766
:1042800032FFA36A1BB104F11800FEF72CFFE36AAA
:1042900001229A401A49086802430A6003EB83032B
:1042A0009A00314614481044FEF7F9FEE26A114BB9
:1042B0001B68DB6A9A42D4D2D4E70027D2E70C4BC2
:1042C0004FF0FF321A60BBE7094A1360B8E70D4AA6
:1042D00013680133136000273846F8BDEC4700200F
:1042E000104800205C48002058480020FC4700206F
:1042F000F44700201449002088480020004800208E
:104300000C4800200448002038B5354B1B6843B9E1
:104310004FF0500383F31188BFF36F8FBFF34F8FBC
:10432000FEE7FEF75FFF2E4B1A68013A1A601B6822
:10433000002B4FD12B4B1B680BB900244BE0002402
:10434000294B1B681BB3284BDB68DC6804F11800A1
:10435000FEF7C9FE251D2846FEF7C5FEE06A0123CB
:104360008340224A11680B43136000EB800029460A
:104370001F4B03EB8000FEF792FEE26A1D4B1B68A9
:10438000DB6A9A42DCD31C4B01221A60D8E70CB1DD
:10439000FFF7B2FC194B1C6884B9174B1C68D4B1E9
:1043A0004FF0E0234FF08052C3F8042DBFF34F8F3E
:1043B000BFF36F8F01240EE0013C07D0FFF718FF19
:1043C0000028F9D00C4B01221A60F5E70B4B0022B4
:1043D0001A60E2E70024FEF727FF204638BD00BF41
:1043E000EC47002014480020444800200C480020DE
:1043F000884800201449002000480020044800207C
:1044000010B5A8B10446104B1B6843B14FF05003E0
:1044100083F31188BFF36F8FBFF34F8FFEE7FFF772
:10442000DFFE00212046FFF7DDFDFFF76DFF48B9F5
:104430004FF0E0234FF08052C3F8042DBFF34F8FAD
:10444000BFF36F8F10BD00BFEC470020224B1B68ED
:104450001BB1224B01221A607047204B00221A60C8
:104460001F4B1B68B3FA83F3DBB2C3F11F0303EBEB
:1044700083018A001B498A5842B94FF0500383F3E5
:104480001188BFF36F8FBFF34F8FFEE7154803EB23
:1044900083018A00024451684968516003EB830C30
:1044A0004FEA8C020832024491420DD003EB8303A1
:1044B0009A000C4B13445B68DA680B4B1A601B685C
:1044C00050330A4A13607047486862469100054AB3
:1044D0000A445060EAE700BFEC4700200048002093
:1044E0000C480020884800201449002018000020B3
:1044F00058B110B50C46094A11681831FEF7DAFDBB
:1045000001212046FFF76EFD10BD4FF0500383F3ED
:104510001188BFF36F8FBFF34F8FFEE71449002060
:1045200038B5C368DC6824B304F118052846FEF7E3
:10453000DAFD184B1B682BBB251D2846FEF7D3FD63
:10454000E06A01238340144A11680B43136000EBB7
:1045500080002946114B03EB8000FEF7A0FDE26AC4
:104560000F4B1B68DB6A9A4211D901200D4B186072
:1045700038BD4FF0500383F31188BFF36F8FBFF343
:104580004F8FFEE729460848FEF789FDE7E7002040
:10459000EEE700BFEC4700200C48002088480020D0
:1045A000144900200048002044480020034B1B68A9
:1045B0000360034B1B684360704700BFFC4700204B
:1045C00010480020F8B5C8B10C460546F9B1FEF711
:1045D00009FE1B4B19686B68C81A2268B2F1FF3FCD
:1045E00026D0184E36682F68B74201D08B4224D9A6
:1045F000824215D80023236001241AE04FF05003B3
:1046000083F31188BFF36F8FBFF34F8FFEE74FF037
:10461000500383F31188BFF36F8FBFF34F8FFEE713
:104620005B1A134423602846FFF7C0FF002400E014
:104630000024FEF7F9FD2046F8BD0124F9E700BF8C
:1046400010480020FC470020014B01221A607047EF
:1046500000480020054B1B6833B1054B1B680BB1AC
:104660000020704702207047012070470848002052
:10467000EC470020002848D038B50446C36A254AD4
:104680001268D26A934238D28269002A05DB214A35
:104690001268D26AC2F107028261616903EB830387
:1046A0001D4A02EB8303994205D01A4B1B68DB6A53
:1046B000E362012038BD251D2846FEF714FD38B9F8
:1046C000E36A01229A4015490B6823EA02030B6052
:1046D000104B1B68D86AE062012404FA00F30F4A09
:1046E00011680B43136000EB800029460A4B03EB73
:1046F0008000FEF7D4FC2046DCE7426C054B1B68CB
:10470000DB6A9A4203D30020D4E7002070470120DF
:10471000D0E700BF14490020884800200C48002042
:1047200000284BD038B50446264B1B68834208D07E
:104730004FF0500383F31188BFF36F8FBFF34F8F98
:10474000FEE7836C43B94FF0500383F31188BFF346
:104750006F8FBFF34F8FFEE7013B8364C16A426CEA
:1047600091422DD00BB1002038BD051D2846FEF723
:10477000BAFC68B9E36A03EB8302920012498A58D3
:1047800032B901229A4011490B6823EA02030B60F7
:10479000606CE062C0F10703A361012404FA00F336
:1047A0000A4A11680B43136000EB80002946064B50
:1047B00003EB8000FEF773FC2046D5E7002070472E
:1047C0000020D1E714490020884800200C48002030
:1047D00000284FD038B50446836C43B94FF05003DE
:1047E00083F31188BFF36F8FBFF34F8FFEE7426CE7
:1047F0008A4200D20A46E16A914201D0012B00D0E0
:1048000038BD1D4B1B68A3422BD0E262A369002B6D
:1048100002DBC2F10702A261626901EB8101174B61
:1048200003EB81039A42EBD1251D2846FEF75BFC82
:1048300038B9E36A01229A4011490B6823EA02035E
:104840000B60E06A012383400D4A11680B4313603B
:1048500000EB80002946094B03EB8000FEF71FFCAC
:10486000CEE74FF0500383F31188BFF36F8FBFF390
:104870004F8FFEE7704700BF144900208848002092
:104880000C480020054B1B6823B1044B1A68936C3D
:1048900001339364014B1868704700BF144900202E
:1048A0002DE9F047089D0C46002B4ED194468C45CF
:1048B0008646B2FA82F262D94AB1C2F1200391402F
:1048C00020FA03F30CFA02FC194300FA02FE4FEA45
:1048D0001C471FFA8CF6B1FBF7F44FEA1E4307FBA7
:1048E000141143EA014304FB06F199420AD91CEB77
:1048F000030304F1FF3080F01281994240F20F81EE
:10490000023C6344591A1FFA8EF3B1FBF7F007FB20
:10491000101143EA014300FB06F69E420AD91CEB44
:10492000030300F1FF3180F0FC809E4240F2F980E9
:10493000634402389B1B40EA044000211DB1D34070
:104940000022C5E90032BDE8F0878B4205D90DB1E0
:10495000C5E9000100210846F5E7B3FA83F1002913
:1049600046D1A34202D39042C0F0F080861A64EB95
:1049700003030120002DE6D0C5E90063E3E7002A28
:1049800040F09080A1EB0C044FEA1C481FFA8CF712
:104990000121B4FBF8F64FEA1E4308FB164443EA34
:1049A000044307FB06F0984208D91CEB030306F109
:1049B000FF3402D2984200F2CD8026461C1A1FFA1C
:1049C0008EF3B4FBF8F008FB104443EA044300FB09
:1049D00007F79F4208D91CEB030300F1FF3402D212
:1049E0009F4200F2B0802046DB1B40EA0640A5E76C
:1049F000C1F120068B4022FA06F71F4320FA06FC7D
:104A000004FA01F343EA0C03F44000FA01F8380C0D
:104A10004FEA1349B4FBF0FE1FFA87FC00FB1E446B
:104A200049EA04440EFB0CF9A14502FA01F20AD945
:104A30003C190EF1FF3A80F08480A14540F281805C
:104A4000AEF1020E3C44A4EB09041FFA83F9B4FB57
:104A5000F0F300FB134449EA044403FB0CFCA445B7
:104A600007D93C1903F1FF3067D2A44565D9023B51
:104A70003C4443EA0E40A0FB0293A4EB0C049C428E
:104A8000CE469C4651D34ED055B1B8EB0E0364EBE5
:104A90000C0404FA06F6CB401E43CC40C5E9006482
:104AA000002150E7C2F1200320FA03F10CFA02FCC6
:104AB00024FA03F394400C434FEA1C4800FA02FE28
:104AC0001FFA8CF7B3FBF8F008FB1031230C43EA14
:104AD000014300FB07F1994208D91CEB030300F1E5
:104AE000FF362CD299422AD9023863445B1AA4B209
:104AF000B3FBF8F108FB113344EA034401FB07F36D
:104B0000A34208D91CEB040401F1FF3613D2A342DF
:104B100011D902396444E41A41EA004139E70446F4
:104B2000F0E6084606E7C845AED2B9EB020E63EBE5
:104B3000070C0138A8E73146EDE7034699E7304610
:104B4000D4E7D6467FE7634402384DE7064623465E
:104B500008460FE7023E634430E700BF024A0349BC
:104B6000034800F0C9B800BF0C0000209174000891
:104B7000200000200C4B4168994210B5044601D03A
:104B800002F086FCA168094B994202D0204602F04F
:104B90007FFCE168064B994204D02046BDE81040F6
:104BA00002F076BC10BD00BF1849002080490020EB
:104BB000E84900202DE9F843314C324B3248DFF808
:104BC000DC90DFF8DC80314F186000252946042393
:104BD000082204F15C002E4EE360C4E90055C4E9EC
:104BE0000455A5606566A56100F036F904F158002A
:104BF000C4E90749C4E90987E66200F02FFA2946AB
:104C0000244B6367082204F1C400C4E91A55C4E9BF
:104C10001E552567C4F8CC50C4F8805000F01CF92C
:104C200004F1680304F1C000C4F88430C4E9229898
:104C3000C4E9247600F012FA174BC4F8DC30294698
:104C400004F596700822C4E93455C4E93855C4F80F
:104C5000D850C4F83451C4F8E85000F0FDF804F11D
:104C6000D003C4E93D87C4F8F09004F59470C4F80B
:104C7000FC60C4F8EC30BDE8F84300F0EFB900BFC9
:104C800018490020504A00205D4B00082D4E0008B6
:104C9000514E00080900010012000200C94D000831
:104CA000ED4D000810B504460A4800F0DBF9636BCF
:104CB00023B9094B094A1B68626323B1BDE8104060
:104CC000044800F0D1B9FFF775FFBDE81040014876
:104CD00000F0CAB9604A0020504A0020754B000815
:104CE000014800F0BFB900BF604A0020014800F051
:104CF000BBB900BF604A00202DE9F84380460F464B
:104D000016464FF00009D6E90154013D11D4A3899C
:104D1000012B05F1FF3508D9B4F90E3001332146D6
:104D200003D04046B84749EA00096B1C04F1680407
:104D3000EDD13668002EE6D14846BDE8F88300BFC5
:104D40000CB410B51F4B00291C689CB035DB4FF428
:104D50000273ADF81430029006901FAB18D00139E1
:104D60004FF6FF7204910791ADF8162002A91E9A22
:104D70000193204600F0ACFD421C01DA8B23236036
:104D8000029B00221A701CB0BDE8104002B07047B0
:104D90004FF6FF7204910791ADF8162002A91E9AF2
:104DA0000193204600F094FD431C01DA8B2323601D
:104DB0001CB0BDE8104002B070478B2323604FF059
:104DC000FF30F5E71800002010B50C46B1F90E10C1
:104DD00000F0EAF8002803DB236D0344236510BDCF
:104DE000A38923F48053A38110BD00BF2DE9F041B6
:104DF0000C46B1F90C101F46CB05054616460BD4E0
:104E000021F48051A1813B46B4F90E103246284668
:104E1000BDE8F04100F0DEB8B4F90E100223002224
:104E200000F0ACF8B4F90C10EAE700BF10B50C467E
:104E3000B1F90E1000F0A2F8B4F90C30421C0EBF0C
:104E400023F4805343F480532065A38110BD00BF39
:104E5000B1F90E1000F052B8830730B547D0541E98
:104E6000002A3ED0CAB2034601E0013C39D303F820
:104E7000012B9D07F9D1032C2CD9CDB205EB0525CB
:104E80000F2C05EB054535D9A4F1100222F00F0CCB
:104E900003F1100EE6444FEA121C1A4615605560E5
:104EA0009560D56010327245F8D10CF1010214F012
:104EB0000C0F03EB021204F00F0C13D0ACF104033F
:104EC00023F003030433134442F8045B9A42FBD1FA
:104ED0000CF003042CB1C9B21C4403F8011B9C4222
:104EE000FBD130BD64461346002CF4D1F9E70346EC
:104EF0001446C0E71A46A446E0E700BF38B5074DA0
:104F00000022044608462A60FCF712FC431C00D02D
:104F100038BD2B68002BFBD0236038BD544A0020DD
:104F2000154B1B68834225D0416C70B5054681B195
:104F300000268C593CB121462468284600F002F92D
:104F4000002CF8D1696C0436802EF2D1284600F08E
:104F5000F9F8A96B11B1284600F0F4F8E96C11B129
:104F6000284600F0EFF86B6B1BB12846BDE8704097
:104F7000184770BD704700BF1800002038B50C46B8
:104F8000084D8446114620461A4600232B6064468D
:104F9000FCF7D8FB431C00D038BD2B68002BFBD09E
:104FA000236038BD544A002038B50C46084D84466D
:104FB000114620461A4600232B606446FCF79AFBF4
:104FC000431C00D038BD2B68002BFBD0236038BDBC
:104FD000544A002038B50C46084D844611462046F8
:104FE0001A4600232B606446FCF794FB431C00D058
:104FF00038BD2B68002BFBD0236038BD544A0020FD
:10500000014B1868704700BF1800002070B50F4BA7
:105010000F4DAB42A3EB050607D0B610002455F8A0
:10502000043B01349847A642F9D805F083FF094DA7
:10503000094B5E1BAB424FEAA60606D0002455F88A
:10504000043B01349847A642F9D870BDF4B3000878
:10505000F4B30008F4B30008FCB30008704700BFC5
:10506000704700BF704700BF704700BF024B13B1CD
:10507000024800F005B87047000000007D77000886
:10508000002301461A46184602F0CEBB2DE9F8432C
:1050900006460820894602F085FBDFF8A480054615
:1050A000304600F007FCD8F808305F6827F00307A7
:1050B000A7F11104A4EB09042C44B4FBF5F4013C62
:1050C00005FB04F4A54208DC0021304602F044FB55
:1050D000D8F808303B44984205D0304600F0F0FB49
:1050E0000020BDE8F8836142304602F035FB013014
:1050F0000FD0114AD8F808303F1B47F001075F6016
:10510000136830461B1B136000F0DAFB0120BDE87A
:10511000F8830021304602F01FFBD8F80820831ADC
:105120000F2BDADD43F001035360044B02491B6887
:10513000C01A0860D1E700BF684A0020440100207F
:105140005001002000297CD02DE9F0410C4680461A
:1051500000F0B0FB54F8043C764FA4F1080523F0AE
:1051600001016818BE684268864222F0030200F01E
:105170008380DE07426000EB020C33D454F8084C05
:10518000DCF804302D1B2144AC6807F1080C6445A1
:1051900003F0010364D0D5F80CE0C4F80CE0CEF8BD
:1051A0000840002B00F0818041F001036B6001603A
:1051B000B1F5007F22D27868CB080122490901337A
:1051C0008A40024357F833107A6007EBC302083A6B
:1051D000C5E9021247F83350CD604046BDE8F041C2
:1051E00000F06EBBDCF80430DB072BD541F0010387
:1051F000B1F5007F44F8043C0160DCD3B1F5206FC9
:105200004FEA512353D28B0903F1390003F13802DD
:10521000C300F818FB580838984203D163E09B6834
:10522000984204D05A6822F003028A42F7D8D8681C
:10523000C5E902308560DD604046BDE8F04100F020
:105240003FBB7047114407F1080C836863453FD0AA
:10525000C268DA60936041F001036B606950A7E7B0
:10526000002B61D10A44D0E90213CB60996042F06F
:1052700001036B60AA50B0E7DB070A4407D454F877
:10528000083CED1A1A44D5E90213CB60996042F04C
:1052900001036B60284BBD601B6893429DD8274B70
:1052A00040461968FFF7F2FE97E71144CDE7142B4B
:1052B00008D9542B1FD80B0B03F16F0003F16E02BA
:1052C000C300A6E703F15C0003F15B02C300A0E7A3
:1052D00041F001033D617D61C5F808C0C5F80CC00F
:1052E0006B60695079E779689210012404FA02F240
:1052F0000A437A609CE7B3F5AA7F06D8CB0B03F18B
:10530000780003F17702C30083E740F254529342DE
:1053100006D88B0C03F17D0003F17C02C30078E713
:105320004FF47E737E2274E741F001036B600160ED
:1053300053E700BF5001002048010020984A002098
:105340002DE9F04F01F10B05162D85B0064624D846
:10535000102900F2B18000F0ADFA102518234FF0AB
:10536000020CBA4F3B44A3F108025C68944200F07F
:1053700022816368E268A16823F00303CA602344C2
:10538000304691605A6842F001025A60083400F0D9
:1053900097FA204605B0BDE8F08F35F0070500F11B
:1053A0008B80A94200F2888000F084FAB5F5FC7F7A
:1053B000C0F073816B0A00F08380042B00F222811D
:1053C000AB0903F1390C03F1380E4FEACC039F4FC0
:1053D0003B44A3F108005C68A04207D10DE0002A1D
:1053E000E16880F2E280884207D00C46636823F0CF
:1053F00003035A1B0F2AF2DDF446DFF864823C698E
:10540000444500F0BF80636823F00309A9EB05035E
:105410000F2B00F34781002BC7E9048880F231810C
:10542000B9F5007FD7F804E080F0CC804FEAD901CD
:1054300001314FEA5919012303FA09F357F83120D2
:10544000A2604EEA030E07EBC103083BE360C7F816
:1054500004E047F83140D4604FEAAC0301209840A3
:10546000704534D810EA0E0F07D12CF0030C400021
:1054700010EA0E0F0CF1040CF9D007EBCC0A5246DF
:10548000E146D1680EE04B6823F00303A3EB050E61
:10549000BEF10F0F0C46C96800F3C180BEF1000FCA
:1054A00080F2E2808A42EED109F1010919F0030F7E
:1054B00002F10802E5D121E10C233360002468E702
:1054C0004FF400734FF0400C4FF03F0E7FE7BC6885
:1054D000636823F00309A94503D3A9EB05030F2B48
:1054E00053DC5B4BDFF87CB11B68082003F110082C
:1054F00002F058F9DBF8003001900133A84404EBC6
:10550000090205D008F1FF388044434203EA080845
:1055100041463046029202F01FF9B0F1FF3F029A75
:10552000824600F0DC80824200F2D780494B01992C
:105530001868404401F1FF311860844640F0FC8057
:105540001AEA010F40F0F880D7F808A0C84448F0E4
:105550000102CAF80420404B1968814238BF186024
:105560003E4B1968814238BF1860544622F0030848
:10557000A845A8EB050301D30F2B06DC304600F04D
:105580009FF99BE7D7F804E066E7621943F001034F
:1055900045F0010565603046BA60536000F090F94F
:1055A0000834204605B0BDE8F08FA2682344D160DE
:1055B00030468A60E6E6DC68A3427FF4DAAE0CF19E
:1055C000020C1AE7B9F5206F4FEA59227ED3142A4C
:1055D00000F2158102F15C03DB005B32F918FB5825
:1055E0000839994203D1F0E09B68994204D05A6887
:1055F00022F003024A45F7D8D968C4E902318C6029
:10560000DC6029E7142B6DD9542B00F201812B0BA0
:1056100003F16F0C03F16E0E4FEACC03D7E6304670
:10562000A668621945F001056560F1608E604EF074
:105630000101C7E90422C2F80880C2F80C80516059
:1056400044F803E000F03CF90834A2E650010020E1
:10565000984A0020684A0020944A0020904A00207E
:105660005801002044010020234430465A6842F08B
:1056700001025A6054F8083FD9608B6000F020F9AD
:1056800087E6A1443046D9F8043043F00103C9F855
:105690000430083400F014F97BE64FEAD50C05F12C
:1056A00008035EE6621943F0010145F001056560FB
:1056B0003046C7E90422C2F80880C2F80C80516065
:1056C00044F8093000F0FCF8083462E64FEA991219
:1056D00002F13903DB00383280E7BC4224D0BC68D9
:1056E000626843E703F15C0C03F15B0E4FEACC0305
:1056F0006DE65AF80839534540F0D8801CF0030F86
:105700000CF1FF3CF5D17B6823EA00037B6040008D
:1057100098423FF6DCAE18B9D9E6400009F1040919
:105720001842FAD0CC46A8E6614B0199186808EBFC
:10573000000C0139C3F800C0DBF8000001301BBFCA
:10574000AAEB02026244CBF800A01A601AF007022A
:10575000CDE9022342D0C2F10802019B9244D04419
:10576000134408EA01001A1A02EA010B59463046AE
:1057700001F0F2FF421C039B7AD0A0EB0A0000EB81
:105780000B081868C7F808A048F001025844BC424A
:10579000CAF8042018603FF4DEAEB9F10F0F42D909
:1057A0006168A9F10C0222F0070201F00101114326
:1057B0006160A1184FF0050C0F2AC1F804C0C1F8B0
:1057C00008C04AD8DAF80420C5E69210012000FA91
:1057D00002F24EEA020EC7F804E00EE7019B0AEB64
:1057E00008020A409A1A02EA010B5946304601F0B3
:1057F000B3FF431C039BC0D1DDF808B0C1E7542AB6
:1058000015D84FEA193202F16F03DB006E32E5E67C
:10581000B3F5AA7F15D8EB0B03F1780C03F1770EE3
:105820004FEACC03D3E50123CAF80430A6E6B2F56B
:10583000AA7F25D84FEAD93202F17803DB0077320C
:10584000CCE640F25452934225D8AB0C03F17D0CC8
:1058500003F17C0E4FEACC03B9E5304604F10801B0
:105860000193FFF76FFC019BD7F808A01868A9E720
:10587000029A083A9044A8EB0A084FF0000B80E720
:1058800040F254539A420DD84FEA994202F17D03F7
:10589000DB007C32A2E64FF47E734FF07F0C4FF0BA
:1058A0007E0E94E54FF47E737E2297E67B682EE7AA
:1058B000684A00200148FFF7D5BB00BF584A0020C6
:1058C0000148FFF7D1BB00BF584A0020000000008C
:1058D0002DE9F04F2DED028BD9B00C460591914684
:1058E0000993834601F034FF036816931846FAF7CC
:1058F000E7FE08221490002128A8FFF7ADFAA3893B
:105900001A0603D52369002B00F092879FED807B58
:105910000023CDE92D33CDE91733CDE919338DEDD2
:10592000127B2FAA0F932C92904615930693CDF8D5
:105930000CB04D46039F2E46774BD3F8E44001F060
:1059400001FF034628A80090324624A93846A04704
:10595000002800F0A980C0F29F80249A252A0346DF
:1059600001D01E44E8E7771B044640F0A0800023E6
:105970008DF88730994607934FF0FF327378049281
:10598000741C0134A3F120025A2A00F2C780DFE818
:1059900012F0F002C500C500EC02C500C500C5004C
:1059A0006A00C500C50053026202C5005E02FE0225
:1059B000C500FA025B005B005B005B005B005B0004
:1059C0005B005B005B00C500C500C500C500C500ED
:1059D000C500C5004601C500D201180346014601B5
:1059E0004601C500C500C500C500E802C500C500E8
:1059F0006702C500C500C500FC01C500D502C50091
:105A0000C5001007C500C500C500C500C500C5001C
:105A1000C500C5004601C500D2012E02460146015F
:105A2000460198022E027F00C500B102C500A20205
:105A30000407C3027F00C500FC017D000B07C50001
:105A4000C5003407C5007D00A3F13002002114F821
:105A5000013B01EB810102EB4101A3F13002092A74
:105A6000F5D907918EE7039F384601F071FE436830
:105A700019931846FAF724FE1A900646384601F0A4
:105A800067FE83681793002E40F02086237878E71E
:105A9000237849F0200974E70822002128A8FFF79D
:105AA000DBF901231E4447E7771B044611D02E9BE8
:105AB0003B442E932D9B0133072BC8E900572D93B0
:105AC0001ADC08F10808069B3B440693002C7FF47F
:105AD0004EAF2E9BDDF80CB0002B41F0F581059BFD
:105AE0009B8903F04003002B41F0D083069859B006
:105AF000BDEC028BBDE8F08F059903982CAA03F04A
:105B0000A3FA0028EBD10DF1BC08DCE7AFF300806D
:105B1000000000000000000058050020CDE90A3414
:105B2000002BD6D000228DF8FC3001238DF8872081
:105B3000029308929B46049210920C920E923FADF3
:105B400019F0020302D002990231029119F0840780
:105B50002E9C05D1079902980E1A002E00F3AA80F8
:105B600082B10122C8F804202D9A013201340DF1CE
:105B70008701072A2E942D92C8F8001000F305849F
:105B800008F1080883B12D9B22AA01330234C8F81A
:105B90000020072B4FF002022E942D93C8F804200A
:105BA00000F3E78308F10808802F00F0C082049B0F
:105BB000A3EB0B06002E00F3FF8219F4807F40F068
:105BC00019822D9BC8F8005001335C44072BC8F89C
:105BD00004B02E942D9300F36C8308F1080819F09B
:105BE000040F05D0079B029A9D1A002D00F3DC8359
:105BF000DDE9063202998A42ACBF9B185B18069316
:105C0000002C40F0188300232D93089B1BB10899AA
:105C10000398FFF797FA0DF1BC080B9D8AE6CDE9D2
:105C20000A34099B073323F00703B3EC027B57ECDC
:105C3000176B099327F000431F938DED1E7ADDE962
:105C40001EABB14B4FF0FF32504659468DED127BE3
:105C5000FBF790F8002840F04685AB4B4FF0FF3241
:105C600050465946FBF768F8002840F03C85002272
:105C7000002330463946FBF755F8002841F05180A3
:105C80009DF88720A14DA24B29F080090A99472948
:105C9000C8BF1D4600230321089302918B4604933D
:105CA00010930C930E93002A3FF44AAF029B0133EA
:105CB000029345E7102E2D9A41F3818295481D9558
:105CC000CDE91B372146059D039C11904FF0100A2A
:105CD000074604E0103E102E08F1080816DD0132D8
:105CE0001031072AC8E9007ACDE92D21F2DD2CAA6E
:105CF000294620460DF1BC0803F0A6F9002840F023
:105D0000F086103E102EDDE92D21E8DCDDE91B37A1
:105D10001D9D0C4601321199C8F800103444072A21
:105D2000CDE92D24C8F8046000F3CA869DF88720C9
:105D300008F1080814E7099A432BCDE90A3402F167
:105D4000040403D019F0100F00F05C850822002134
:105D50002AA8FFF781F8099B03981A683FAD2AAB80
:105D6000294603F03FF9B0F1FF3F834601F08982F5
:105D700020EAE0730293002209948DF887200892AC
:105D8000049210920C920E92DAE6099E56F8045B89
:105D9000CDE90A3400238DF88730002D00F05785B7
:105DA0000A9B532B00F0B98619F010030E9340F0B4
:105DB000B486049B5A1C01F092800E991A4628461C
:105DC000FAF7EEFC0890002801F0F882089B09968B
:105DD000A3EB050B0E9B04932BEAEB7110930C9332
:105DE000089373239DF8872002910A935BE719F0CB
:105DF000200FCDE90A3400F0EC80099B073323F033
:105E000007031A46596852F8083B09920A460029C6
:105E1000C0F219840499013100F09C8253EA020116
:105E200029F0800440F09782049A002A40F098827A
:105E3000A146934658AD51E1099B53F8042B0792B4
:105E4000002A80F22484079A099352420792237809
:105E500049F0040995E52B238DF88730237890E5E8
:105E6000CDE90A3449F0100919F0200200F0B4839A
:105E7000099B073323F0070319465A6851F8083B7A
:105E8000099129F4806400210020049D8DF8870089
:105E90006F1C00F00C8153EA020024F0800940F0EE
:105EA0000581002D40F02786002940F0C88314F0BA
:105EB000010B00F0F08330238DF85F310DF25F1598
:105EC0000CE12378682B03BF637849F4007901342F
:105ED00049F0400955E519F0200F0B9400F0E583D7
:105EE000099B069A1B681A60D2175A60099B0433F3
:105EF000099392E623786C2B03BF637849F020095D
:105F0000013449F010093CE5FFFFEF7F04B00008C1
:105F100008B0000858B00008099A0B9452F8043BE6
:105F2000099247F63002ADF888207820A84A1592E9
:105F300049F00204002202210A90A5E7CDE90A34C3
:105F400049F0100414F0200200F05583099B073338
:105F500023F0070319465A6851F8083B09910121BB
:105F600092E7237849F008090BE5237849F0010905
:105F700007E59DF887202378002A7FF402AD2022D0
:105F80008DF88720FDE4237849F08009F9E4214663
:105F900011F8013B2A2B01F03482A3F13002092AC7
:105FA0000C4698BF002101F23B8114F8013B01EB44
:105FB000810102EB4101A3F13002092AF5D90491D4
:105FC000E0E449F0100919F0200FCDE90A347FF41C
:105FD00014AF099A19F0100F52F8043B099240F0DF
:105FE000608319F0400F00F0588343F3C03211462C
:105FF0001BB20CE70A9B652B40F36681DDE91201B9
:1060000000220023FAF784FE002800F011822D9B65
:10601000704AC8F80020013301340122072B2E9466
:106020002D93C8F8042000F36B8508F10808239B22
:106030000F9A934280F22683149B169A1C44C8E957
:1060400000232D9B2E940133072B2D9300F3E48323
:1060500008F108080F9B5D1E002D7FF7C0AD102DC5
:106060002D9B40F3AD855C4FDDF80CB0DDF814A03E
:106070001197102605E008F10808103D102D40F397
:10608000A18501331034072BC8E90076CDE92D3402
:10609000F1DD2CAA5146584602F0D6FF002840F008
:1060A000C082DDE92D340DF1BC08E6E74C4601293C
:1060B00000F05181022958AD1ED1159803F00F014F
:1060C0001B09415C05F8011D43EA0273120953EAFA
:1060D0000201F3D158ABA146A3EB050B04999DF83F
:1060E000872059454FF00003B8BF594608930291E5
:1060F00010930C930E93D6E503F00701DB0843EAF7
:106100004273D208303153EA0206284605F8011DD1
:10611000F2D1E607DED53029DCD03023023805F88D
:10612000013C58ABA146A3EB000B0546D6E7079B05
:10613000029A9E1A002E7FF73AAD102E2D9B41F346
:10614000AA802548DDF80CA01190214610271A4698
:10615000044604E0103E102E08F1080816DD013256
:106160001031072AC8E90047CDE92D21F2DD059954
:106170002CAA50460DF1BC0802F066FF002840F042
:10618000B284103E102EDDE92D21E8DC0C461346CA
:106190000133119AC8F800203444072BCDE92D347F
:1061A000C8F8046000F31C85049BA3EB0B06002ECB
:1061B00008F108087FF701AD074A2D9B1192102EB8
:1061C0002ADD2246039F059C4FF0100A0BE000BF1A
:1061D00014B0000844B0000848B00008103E102E6B
:1061E00008F1080817DD01338E491032072BC8E982
:1061F000001ACDE92D32F1DD2CAA2146384602F0F5
:1062000023FF002840F00C82103E102EDDE92D32D5
:106210000DF1BC08E7DC14460133119AC8F80020E0
:106220003444072BCDE92D34C8F8046000F3C7814E
:1062300008F10808C1E4059903982CAA02F004FFAC
:1062400000283FF4E0ACDDF80CB0EAE12D9B764984
:10625000C8F80010013301340121072B2E942D932F
:10626000C8F8041000F3738508F10808002A40F00C
:10627000E5840F9A09F0010313433FF4B0AC149B7B
:10628000169A1C44C8E900232D9B2E940133072B3A
:106290002D9300F3438608F108080F9AC8F80050C0
:1062A00001331444072BCDE92D34C8F804207FF7BF
:1062B00094AC059903982CAA02F0C6FE0028C2D11E
:1062C0002E9C0DF1BC088AE40F9B2D9E012B04F13E
:1062D000010406F1010608F1080740F329810123B2
:1062E000072ECDE92D64C8F80050C8F8043000F33B
:1062F000B181149B169A01361C44072EC7E900236E
:10630000CDE92D6400F3B28108370F9BDDE912015E
:1063100003F1FF3800220023FAF7FAFC002840F0CE
:106320002181013601354444072ECDE92D643D60BD
:10633000C7F8048000F30A810837189B7B60013698
:106340001C44072E26ABCDE92D643B60B1DC07F180
:10635000080844E44C460A2B72F1000180F0538394
:1063600030338DF85F31A1464FF0010B0DF25F1510
:10637000B4E6059903982CAA02F066FE00287FF483
:1063800062AF2E9C0DF1BC080EE4059903981193A1
:106390002CAA02F059FE00287FF455AF2E9C119BC9
:1063A0000DF1BC08FFF7EEBB102D2D9B40F33C8791
:1063B0001E4FDDF80C90DDF814A01197102604E0B4
:1063C000103D102D08F1080816DD01331034072B9D
:1063D000C8E90076CDE92D34F2DD2CAA51464846B5
:1063E0000DF1BC0802F030FE002840F0E783103DBC
:1063F000102DDDE92D34E8DC0133119A2C44072BF4
:10640000C8E90025CDE92D347FF7F2AB0599039853
:106410002CAA02F019FE00287FF415AF2E9CFFF77E
:10642000E7BB00BF48B0000844B0000858B00008FF
:10643000239A002A7FF70AAFDDE90E739F42A8BFB7
:106440001F46002F05EB030B0BDD2D9B01333C4456
:10645000072BC8E900572E942D9300F3448608F1CA
:1064600008080E9E002FA8BFF61B002E00F3008226
:106470000E9B19F4806F2B449A4640F02182239D95
:106480000F9B9D4203DB19F0010F00F06E84149BFB
:10649000169A1C44C8E900232D9B2E940133072B28
:1064A0002D9300F37E8608F108080F9BABEB0A06DC
:1064B0005D1BAE42A8BF2E46002E0DDD2D9BC8F8F9
:1064C00000A001333444072BC8F804602E942D93A8
:1064D00000F3798608F10808002EA8BFAD1B002D37
:1064E0007FF77DAB102D2D9B40F36A83AD4FDDF818
:1064F0000CB0DDF814A01197102605E008F108088B
:10650000103D102D40F35E8301331034072BC8E992
:106510000076CDE92D34F1DD2CAA5146584602F023
:1065200093FD00287DD1DDE92D340DF1BC08E7E7AE
:1065300019F0010F7FF4D3AE0123072ECDE92D64AE
:10654000C8F80050C8F804307FF7F7AE05990398F3
:106550002CAA02F079FD00287FF475AEDDE92D64E8
:106560002FAFEAE60F9B012B7FF7E7AE112B8D4B88
:10657000119340F35783CDF81090DDF80CA0DDF8AF
:1065800014B01025994606E00837A8F11008B8F1B4
:10659000100F40F3458301361034072EC7E90095EC
:1065A000CDE92D64F0DD2CAA5946504602F04CFD91
:1065B000002840F09882DDE92D642FAFE5E70599CA
:1065C00003982CAA02F040FD00287FF43CAE2E9CDC
:1065D0000DF1BC08FFF7F1BA099951F8043B099194
:1065E00019F010017FF44DAC19F0400000F0628307
:1065F0009BB20A4645E4099951F8043B099114F00D
:1066000010010BD114F0400003D00A469BB20121C7
:106610003AE414F400721CBFDBB20246012133E4F9
:10662000BB46089B002B3FF45AAA08995846FEF730
:1066300089FD059B9B8903F04003FFF754BADDF801
:1066400010B058AD4AE55B4262EB42024C462D2049
:1066500001211AE4059903982CAA02F0F5FC002800
:106660007FF4F1ADDDE92D642FAF42E60599039883
:106670002CAA02F0E9FC00287FF4E5ADDDE92D64E9
:106680002FAF42E619F0010F3FF4A9AAD4E4099311
:106690002378FFF776B958AD20E519F4007F40F074
:1066A0007383DA171146FFF7B2BB19F0100F40F0F1
:1066B000B18219F0400F40F0618319F4007F00F0BF
:1066C000A982099B069A1B681A700FE4179A23780F
:1066D000002A3FF456A91278002A3FF452A949F43F
:1066E0008069FFF74EB9DDE9120102460B46FAF761
:1066F00041FB002840F018860A9B612B00F00885BA
:10670000412B00F08B85049B013300F015840A9B1C
:1067100023F02003472B04D1049B002B08BF012347
:106720000493DDE9120149F4807200291192C0F24C
:106730002985002341EC180BCDF808901B93089392
:106740000A9B413B252B00F22783DFE813F000046E
:10675000250325032503F903FD032503250325034D
:1067600025032503250325032503250325032503E9
:1067700025032503250325032503250325032503D9
:1067800025032503250325032503250325032503C9
:10679000250325032503F903FD03CDE90A34FFF79B
:1067A00063BB00BF48B00008CDE90A344C46FFF790
:1067B000C9BBCDE90A34BD4B159319F0200200F096
:1067C0000881099B073323F0070319465A6851F8DB
:1067D000083B099119F0010F0AD053EA020107D0D2
:1067E0000A998DF88910302149F002098DF8881036
:1067F00029F480640221FFF747BBCDE90A34AC4B92
:106800001593DAE7099B1B688DF8FC30012302938E
:106810009B463FADFFF7AFBA059903982CAA02F04B
:1068200013FC00287FF40FAD2E9C0DF1BC0811E481
:1068300040215846FEF784FD059B1860186100282A
:1068400000F01C86059A40235361FFF75FB8049B54
:106850000895062B294628BF062304952A4602934D
:10686000944D09969B4610910C910E91FFF71BBA1F
:10687000102E2D9B40F3F3858F48DDF80CA011906E
:1068800042462146A846059C1027054604E00832EA
:10689000103E102E40F3238201331031072BC2E942
:1068A0000057CDE92D31F2DD2CAA2146504602F0E9
:1068B000CBFB002840F01781DDE92D312FAAE7E757
:1068C00021461C460C9BCDF810B0CDF828904246CE
:1068D000794FDDF84090DDF86880DDF85CA0DDF8E8
:1068E0000CB083B3B9F1000F00F0FF8009F1FF395C
:1068F0002D98199B013041440728C2E900382E9198
:106900002D9075DC0832049B9AF800001E1B86420D
:10691000A8BF0646002E0CDD2D9801303144072813
:10692000C2E900462E912D9000F367819AF800008D
:106930000832002EACBF851B0546002D13DC044435
:106940000C9B002BCED1B9F1000FCFD1DDF810B0E8
:10695000CDF85CA0A246DA45DDF8289090460C46BA
:1069600028BFDA468BE5102D2D9840F34785234646
:106970003E462C461D4604E0103C102C02F1080255
:1069800016DD0130103110230728CDE92D011760E5
:106990005360F1DD05992CAA584602F055FB0028FA
:1069A0007FF43FAE103C102CDDE92D012FAAE8DC6E
:1069B0002B4625461C46013029440728CDE92D01E8
:1069C0001660556000F381839AF800000832044491
:1069D000B6E7099951F8043B099119F010017FF4C9
:1069E000F9AE19F0400000F05F819BB20A46F1E673
:1069F00005992CAA584602F027FB00287FF411AE17
:106A00002E992FAA7FE704F4806B0021CDF8208017
:106A1000DFF8A890DDF85C80029458AD4FF0CC3AD6
:106A200005278C465E4605E00A2B72F1000233D33F
:106A30005B462246991841F10001A9FB010424F0AC
:106A4000030000EB9400091A581A62F1000E0AFBC9
:106A500000F4A0FB09B009FB0E440BF0010E044446
:106A6000AEFB070E40184FEA5B0B303005F8010C07
:106A70004BEAC47B0CF1010C013D6408002ED3D01D
:106A800098F800108C45CFD1BCF1FF0FCCD00A2B69
:106A900072F1000280F03681CDF85C80029CDDF856
:106AA0002080CDF83CC0FFF715BB00BF28B0000820
:106AB00014B000083CB0000848B00008CDCCCCCCE5
:106AC0000599039811932CAA02F0BEFA00287FF4CE
:106AD000BAAB9DF887202E9C119B0DF1BC08FFF7E7
:106AE0003FB8A3469DE5D3469BE50C9B013B0AF1CD
:106AF000FF3A0C93FCE601294C467FF4DBAA2FE415
:106B0000059903982CAA02F09FFA00287FF49BAB0A
:106B10002E9C0DF1BC08FFF78ABA2AAF082200218B
:106B200038462595FEF798F9049B581C00F0C9805B
:106B30000024CDF80890A346DDF80C909A460CE0AE
:106B40003FA9484602F04EFA411C584400F0998390
:106B5000504508DC00F04C848346259A12593B4688
:106B60000434002AECD1DDF80890BBF1000F00F0EE
:106B7000DD80BBF1630F00F3B981002308933FADC3
:106B8000082200213846FEF767F9039800975B4614
:106B900025AA294602F04CFA834540F0668400237A
:106BA00005F80B302BEAEB719DF8872009960493CA
:106BB000029110930C930E93FFF775B8CB4630E516
:106BC000744A11920133119AC8F800202C44072B03
:106BD000C8F80450CDE92D347EF7FFAFFFF769BB4D
:106BE000059903982CAA02F02FFA00287FF42BAB0A
:106BF0002E9C0DF1BC08FEF7DABF05992CAA584669
:106C000002F022FA00287FF40CAD9AF800002E99C9
:106C10002FAA8EE6099B069A1B681A60FFF766B9D1
:106C2000DDF81090119B3B6001364444072ECDE9FE
:106C30002D64C7F804807FF77FAB87E4149B169917
:106C40001C44C8E900132D9B2E940133072B2D9370
:106C500000F3648108F10808002ABFF61EAB564213
:106C600010324C4A119280F2F282AA461027154641
:106C700005E008F10808103E102E40F3E7820133CA
:106C80001034072BC8E90057CDE92D34F1DD059903
:106C900003982CAA02F0D8F900287FF4D4AADDE9E1
:106CA0002D340DF1BC08E6E719F400721CBFDBB20D
:106CB00002468FE519F400721CBFDBB20246FFF7F3
:106CC000E0B800230398009725AA194602F0B0F90E
:106CD000B0F1FF3F834600F0D482259545E7454655
:106CE0000C4690460133119AC8F800203444072B13
:106CF000CDE92D34C8F8046000F3038108F10808D9
:106D0000FFF7B6BB1A9B1999ED1A1A46284600F0F0
:106D1000E5FC98F801300BB108F101084FF0000CC8
:106D200086E62D228DF88720FEF7ACBF9DF88720E0
:106D30000996CDF808B0CDF810B0CDF840B0CDF838
:106D400030B0CDF838B0CDF820B0FEF7ACBF059923
:106D500003982CAA02F078F900287FF474AA239AE9
:106D60002E9C0DF1BC08FFF781BA0F9BABEB0A0616
:106D70005D1BAE42A8BF2E46FFF7AEBB099B069A2D
:106D80001B681A80FFF7B2B843F3C01211465BB21A
:106D9000FFF73DB848B00008049E02212AAB0193DA
:106DA00025AB00930398B0EE480AF0EE680A23ABD7
:106DB000324600F011FE0A9B672B054600F03F812A
:106DC0000A9B472B00F03B810A9B23F02007462FAC
:106DD00000EB060405D10378302B00F0FC82239EE3
:106DE000344451EC180B00220023F9F791FF0028DE
:106DF00000F0438123465B1B0F93239A0E92472F8B
:106E000000F02581462F00F0EE810A99531E61297A
:106E1000239300F02283412940F024815021012056
:106E2000002BB6BFC2F101032B222D22092B8DF8B6
:106E300098108DF8992040F332820DF1AF04B04ED6
:106E400022461046A6FB0312D20802EB8201A3EBF6
:106E50004101303100F8011C19466329134600F145
:106E6000FF32EEDC303302F8013C831EA34280F097
:106E7000F9820DF1990213F8011B02F8011FA342D8
:106E8000F9D158AB181AA0F1AD0318930F9B189ABB
:106E9000012B03EB020B40F33582149B9B44029BB6
:106EA00023F4806343F480792BEAEB720023109380
:106EB00002920C930E931B9B002B40F0D7809DF801
:106EC00087200493FEF7EFBE059C2CAA2146584666
:106ED00002F0BAF8A38903F04003FEF704BE284687
:106EE0000996F9F7EDFB8346FEF774BF03980BF1A3
:106EF0000101FEF725FA0546002800F0C28108903E
:106F00003EE6059903982CAA02F09EF800287FF42B
:106F10009AA92E9C0DF1BC08FFF7AABA059903980F
:106F20002CAA02F091F800287FF48DA9DDE92D3418
:106F3000239A0DF1BC088FE606230493FFF7F1BBFB
:106F4000049B02215E1C29E7049E032126E723A857
:106F5000B0EE480AF0EE680A00F032FC00224FF072
:106F60007F5351EC100BF9F76BFC02460B46CDE951
:106F70000C2300220023F9F7CBFE002840F0C78144
:106F8000604B0E93049BCDF83C8003F1FF392E46F5
:106F90001095DDF838B04D46DDE90C8905E000229A
:106FA0000023F9F7B5FEF0B93D46574B00224046A5
:106FB0004946F9F745FC89468046F9F7F1FE044653
:106FC000F9F750FA0B46024649464046F9F7FCF8F5
:106FD0001BF80430B24606F8013B6B1C05F1FF3785
:106FE00080468946DBD1CB465746C246474BDDF843
:106FF0003C80002250465946A946109DF9F7B0FE44
:10700000002840F05A81414B504659460022F9F77A
:107010007FFE10B1E20700F15081B9F1000FC0F21C
:10702000668109F101033344302206F8012BB34293
:10703000FBD15B1B0F930A9B23F02007DDE6029B2D
:10704000DB0700F100812A9B239A5B1B0F93D31C63
:107050000E9202DB049B93421BDA0A9B023B0A93CB
:10706000531E23939DF828100020D9E62D220023DB
:107070008DF887200493FEF719BE2A9BA342BFF424
:10708000BAAE30215A1C2A9219702A9B9C42F9D818
:10709000B1E60F998A42C0F2CB80029BDE0740F135
:1070A0008B81149B02EB030B029B5C0502D5002A2B
:1070B00000F354812BEAEB730293DDF844906723CD
:1070C0000A93002310930C93F5E605992CAA5846D1
:1070D00001F0BAFF00287FF4A4AA9AF800002E99C4
:1070E0002FAA04442CE4059903982CAA01F0ACFFC4
:1070F00000287FF4A8A82E9C0DF1BC08FFF7B1B9B9
:10710000CDCCCCCC28B00008000030400000E03FDF
:1071100078238DF8893030238DF8883049F00203C8
:107120000293049B632B00F3E480002308933FAD9C
:1071300049F481731193139B002B27DB9DED128B78
:1071400000231B930A9B612B7FF4FAAAB0EE480A36
:10715000F0EE680A23A800F033FB00224FF07F53C3
:1071600051EC100BF9F76CFB02460B46CDE90C23F2
:1071700000220023F9F7CCFD002840F0C880AB4B7B
:107180000E93FFE60023CDF808900893DDE9123452
:1071900008EE103A04F1004308EE903A2D231B93B9
:1071A000D0E7059903982CAA01F04EFF00287FF440
:1071B0004AA8239D2E9C0DF1BC08FFF776B99C4987
:1071C0001191FEF7A7BD059903982CAA01F03CFF89
:1071D00000287FF438A8239D0F9B2E9C5D1B0DF18A
:1071E000BC08FFF779B9029B0E99049A03F00103DA
:1071F000002943EA020340F30F81002B40F0D580C1
:107200006623DDF838B00A93029B5A0500F1A88086
:107210002BEAEB73DDF84490029352E7582378E7AA
:1072200000220492FEF7AEBB814A1192FFF7E4B848
:107230000F9B149A03EB020B0E9B002B40F38380F1
:1072400067230A93E0E7AC194727CAE5554601339F
:10725000119AC8F800203444072BCDE92D34C8F822
:1072600004607FF718A8059903982CAA01F0ECFE9A
:1072700000287EF4E8AFDDE92D340DF1BC08FFF7FE
:107280000CB8059A938943F0400393814FF0FF3384
:107290000693FEF72BBC674A1192FEF779BF0028D0
:1072A0003FD130228DF89A200DF19B02303302F845
:1072B000013B26ABD31A1893E8E50E9B2A97D97B9E
:1072C00016F8012C8A42334609D1302003F8010C0C
:1072D0002A9B5A1E2A9213F8012C9142F6D0392A81
:1072E0000BBF0E9A0132927AD2B203F8012C3346C8
:1072F0009FE60398591CFEF723F805460028C0D0E6
:10730000089015E7029BDF077FF5C9ADC5E54A4B3D
:10731000464A0A99612918BF1A4601230E922393FF
:1073200030E60DF19A02C1E7139B444D002BB4BF28
:107330002D229DF88720424BB8BF8DF8872029F079
:107340008009FEF7A3BCC3F101039B442BEAEB7356
:1073500002936723DDF844900A93B2E667230A9309
:1073600017990B78FF2B00F08D8000240E9A204691
:1073700003E001300131FF2B08D0934206DAD21A24
:107380004B78002BF5D10B780134F4E717910C9072
:1073900010940E92DDE910390C9A13441A9A02FBEC
:1073A00003BB2BEAEB73029385E5149BCF183A4499
:1073B000662393460A9327E7934675E6049B029358
:1073C0009B4673239DF887200996049010900C909B
:1073D0000A93FEF768BC51EC180B00220023F9F762
:1073E00097FC00287FF4FBACC6F101062396F7E476
:1073F000DDF80890DDF810B0FFF7B7BB0D4EFFF7D2
:10740000DABA099A63780C4652F8041B099241EAE9
:10741000E1710491FEF7B5BADDF8449093B9012308
:10742000662202930A929B464BE600BF14B0000806
:1074300058B0000848B0000828B000080CB0000898
:1074400010B00008149B5F1C049B3B449B4623EA3E
:10745000E373029366230A9333E67021DFE40B4A59
:1074600011923FE40223189310E5059ADDF80CB061
:10747000938943F040039381FFF7D3B80C23CBF8F3
:10748000003003E7002310930C9383E748B0000813
:1074900070B500293FD005460C4610B1436B002B58
:1074A0003CD0636EB4F90C20DE0732D4900538D599
:1074B0002146284600F04CF8E36A064633B1E169FC
:1074C000284698470028B8BF4FF0FF36A3891A0610
:1074D00039D4216B41B104F14003994202D02846CE
:1074E000FDF730FE00232363616C21B12846FDF7D0
:1074F00029FE00236364FDF7F3FB636E0022DB07C4
:10750000A2811CD5A06DFDF7ABFDFDF7EFFB30466A
:1075100070BD002ACCD10026304670BDFDF7C2FBFD
:10752000BFE7A06DFDF79EFDB4F90C30002BBFD175
:10753000636ED907EFD4A06DFDF796FDEBE7A06D64
:10754000FDF792FDDEE721692846FDF7FBFDC0E768
:10755000B1F90C202DE9F0410C46110780464BD4BF
:10756000616842F400630029A38160DDA56A002DF3
:107570003FD0002112F48052D8F80060C8F8001003
:10758000E16961D101234046A847431C02466BD004
:10759000B4F90C30A56AE1695F0705D56368D21AB2
:1075A000236B0BB1E36BD21A00234046A847451C5E
:1075B0004CD1D8F800101D293DD8324AB4F90C300E
:1075C0000A4112F0010238D162602269226023F47C
:1075D0000062A281DA0452D4216BC8F8006041B184
:1075E00004F14003994202D04046FDF7ABFD002371
:1075F00023630020BDE8F0812669002EF9D02568BC
:10760000266091070CBF63690023AD1BA3600BE0EC
:107610002B463246E169676A4046B847B0F1000C34
:10762000A5EB0C05664406DD002DF1DCE1E7E16B1E
:1076300000299BDCDDE7B4F90C3043F04003A38163
:107640004FF0FF30BDE8F081226DA5E7B4F90C30B2
:107650002269226023F40062A281DB044FF0000261
:107660006260B9D52065B7E7D8F80030002B8FD01D
:107670001D2B01D0162BDED1C8F80060B9E7002918
:10768000AAD1EFE7FEFFBFDF38B50C46054608B1CB
:10769000436B03B3B4F90C0088B1636EDB0701D40C
:1076A00081050FD528462146FFF752FF636EDA07A2
:1076B000054602D4A3899B0508D5284638BD054652
:1076C000284638BDA06DFDF7CDFCEBE7A06DFDF7BA
:1076D000CBFC284638BDFDF7E5FADBE740EA0103BD
:1076E0009B0710B501D1032A17D8844601F1FF3E4C
:1076F00007E01EF8011F03F8011B541E29B19C4628
:1077000022466346002AF4D110BD9444002CFBD0DD
:1077100003F8011B6345FBD110BD8E468446DEF89D
:107720000040A4F1013323EA040313F0803F7146C3
:107730000EF1040EDAD1043A032A4CF8044BEED8C9
:107740007146D3E7014B93F8280170475805002094
:10775000004870474806002038B5074D002204460F
:1077600008462A60F9F7F0FF431C00D038BD2B68AB
:10777000002BFBD0236038BD544A002038B5074D9C
:10778000074C2C1BA41005D0013C55F8043D98472C
:10779000002CF9D1BDE8384003F0D2BB00B400089A
:1077A000FCB30008082802D14FF48050704708B598
:1077B000FDF726FC162303604FF0FF3008BD00BF25
:1077C00053EC102B70B5154E23F000410025B1424B
:1077D000044605601FD816460E431CD0104E1E40AE
:1077E00018465EB91046194600220E4BF9F728F8E4
:1077F0006FF035050246084621F0004120F0FF40B9
:10780000091520F4E000A1F2FE3140F07F53294435
:1078100043F40013216043EC102B70BDFFFFEF7F9A
:107820000000F07F000050432DE9F8431B4D064651
:10783000286898460F469146FDF714FC184B1C68C3
:107840001CB3286865681F2D22DC4EB96B1C0235FD
:10785000636044F82570FDF707FC0020BDE8F8835D
:1078600004EB85010123C1F88890D4F88821AB404E
:107870001A43022EC4F88821C1F80881E6D1D4F851
:107880008C211A43C4F88C21E0E7064C1C60D8E731
:10789000FDF7EAFB4FF0FF30E0E700BF40010020BA
:1078A000644A00209C4A00202DE9F04F03690C69CE
:1078B000A34283B0C0F28A80013C01F1140500F1BB
:1078C000140855F8243058F8242001339A428E4683
:1078D00081464FEA840105EB840708EB840AB2FB7A
:1078E000F3F63AD3CDE900150022AC4640461346E4
:1078F0005CF8041B05681FFA81FB06FB0B22090CD0
:107900004FEA124B06FB01BB92B2A9B2891A194485
:107910001FFA8BF3C3EB214303EB154389B241EA12
:107920000341674540F8041B4FEA1B424FEA2343DB
:10793000DED2DDE9001558F8013073B9AAF1040A66
:10794000D04504D307E0D04504F1FF3403D25AF800
:107950000439002BF7D0C9F810407146484601F0B1
:10796000FFF900282EDB4146002255F8040BD1F820
:1079700000C01FFA80FE1FFA8CF3A3EB0E03134422
:10798000020CC2EB234202EB1C429BB243EA0243CD
:10799000AF4241F8043B4FEA2242E6D258F8242095
:1079A00008EB84036AB9043B984504D307E0984583
:1079B00004F1FF3403D253F80429002AF7D0C9F8A0
:1079C00010400136304603B0BDE8F08F002003B010
:1079D000BDE8F08F000000002DE9F04F9FB08DED65
:1079E000040B0091816B289D029057EC106B0A925A
:1079F000089349B1C26B4A600123934004468B60EF
:107A000000F04CFF0023A363B7F10009B4BF0123CA
:107A100000232B60764BBCBF29F00049CDF81490B1
:107A200033EA090300F0A8809DED047B002251ECAD
:107A3000170B00238DED067BF9F76AF9804668B1D4
:107A4000089A01231360299B13B1299A694B13608B
:107A5000694B039303981FB0BDE8F08F9DED060BB3
:107A600002981CAA1DA901F04FFA5FEA1955824637
:107A700040F09880DDE91C85454405F23243202B17
:107A800040F38483C3F1400309FA03F905F212437A
:107A900026FA03F349EA0300F8F7D4FC0123013D79
:107AA0001193A1F1F871554B0022F8F78DFB4AA311
:107AB000D3E90023F8F7C4FE49A3D3E90023F8F77C
:107AC00085FB064628460F46F8F7CCFC46A3D3E9CB
:107AD0000023F8F7B5FE02460B4630463946F8F764
:107AE00075FB06460F46F9F75BF900228346002333
:107AF00030463946F9F716F9002840F01B83A8EB09
:107B00000508BBF1160F08F1FF3400F28D813C4DE2
:107B100005EBCB05D5E90023DDE90601F9F702F90C
:107B2000002873D00023002C0BF1FF3B1093C0F210
:107B3000808100230B93BBF1000F6DDA0B9BA3EB4D
:107B40000B030B93CBF10003CDE90EB3009B092B84
:107B50004FF0000B68D8052B40F31D83043B0093C6
:107B60000025009B023B032B00F22486DFE813F084
:107B700060045D0455043904089AC9F3130942F2FC
:107B80000F7359EA060913601CD1299B002B00F0E2
:107B90002C861C4B03930833299A039813601FB05B
:107BA000BDE8F08FDDE90612C2F31303084643F087
:107BB0007F51CDF84480A5F2FF35DDF8708041F4A7
:107BC000401170E7299B002B40F0E8830E4B039394
:107BD00040E700BFAFF3008061436F63A787D23FE8
:107BE000B3C8608B288AC63FFB799F501344D33FAC
:107BF0000000F07F45B0000844B000080000F83FE6
:107C0000C0B10008B0B00008BCB00008B8F1000F67
:107C100040F35D8410900B9000230F93009BCDF8F0
:107C200038B0092B5C4496D900234FF0FF32CDE9E0
:107C30000923012500930C95029B0021D963099B20
:107C40001893029800F004FE0390002800F0BB8512
:107C5000DDE902329A63099B0E2B00F21481002D9C
:107C600000F011810E9A002A40F33884B14D02F0E1
:107C70000F0305EBC3031511D205D3E9008940F1C9
:107C8000F883AD4BDDE90601D3E90823F8F702FFDD
:107C9000CDE9120105F00F0503277DB1A64EEB07D4
:107CA00008D540464946D6E90023F8F7C9FD013713
:107CB000804689466D1006F10806F0D142464B46D3
:107CC000DDE91201F8F7E6FE80468946109B43B1D4
:107CD0009A4B002240464946F9F724F8002840F024
:107CE000F0843846F8F7BEFB42464B46F8F7A8FD4D
:107CF000934B0022F8F76AFA099B0646A1F15077E8
:107D0000002B00F0A9800E9B1993099B1293039BF3
:107D1000884D49464046CDE914675E1CF9F740F8A6
:107D2000129905EBC10313ED027B07468DED167B1F
:107D3000F8F798FB02460B4640464946F8F744FAE6
:107D400089460C993037DDE916238046FFB20029B9
:107D500000F052847B490020F8F79CFEDDE91423F3
:107D6000F8F732FA039D02460B46CDE914232F7033
:107D700042464B46F8F7F4FF002840F09684CDE9E0
:107D80001AB4CDF858A0129DDDE914AB00272AE003
:107D90000137AF4280F2DD846B4B504659460022DA
:107DA000F8F74EFD684B002282468B464046494616
:107DB000F8F746FD89468046F8F7F2FF0446F8F7E3
:107DC00051FB02460B4640464946F8F7FDF9303470
:107DD00006F8014B52465B4680468946F8F7A2FFFB
:107DE000002840F0B38442464B4654490020F8F73F
:107DF000EBF952465B46F8F795FF0028C8D0199B6F
:107E0000DDF858A0039A374603F1010802E09742D3
:107E100000F07B843E4617F8013D392BF7D0013343
:107E2000DBB23B70454674E10123002C1093BFF692
:107E300080AEC8F101030B9300247CE63846F8F7C6
:107E400011FB42464B46F8F7FBFC3D4B0022F8F78E
:107E5000BDF90646A1F150773C4B40464946002209
:107E6000F8F7B2F932463B4680468946F8F778FF84
:107E7000002840F0598440464946324607F1004305
:107E8000F8F750FF28BB1D9B002BC0F291800E9A83
:107E90000E2A00F38D80274D0E9B05EBC30595ED53
:107EA000007B0A9B002B8DED007B19DA099B002BD0
:107EB00016DC0ED1254B0022DDE90001F8F7C0FCED
:107EC00002460B46DDE90601F8F736FF002800F010
:107ED0002B844FF00009039E4F460A9BDD4324E2AA
:107EE000DDE90045DDE9068922462B464046494644
:107EF000F8F7D0FDF8F754FF0646F8F7B3FA224634
:107F00002B46F8F79DFC039F0B4602464946404628
:107F1000F8F75AF906F1300307F8013B099B012BEA
:107F200000F010830125CDF810A09946DDE900ABE3
:107F3000A8462BE0C0B1000898B100080000F03F4F
:107F400000001C400000E03F0000244000001440FE
:107F500052465B4620462946F8F79CFDF8F720FF7D
:107F60000646F8F77FFA52465B46F8F769FC08F1D7
:107F700001080B46024629462046F8F725F906F186
:107F80003003C84507F8013B00F0DA82B94B002204
:107F9000F8F756FC0022002304460D46F8F7B8FE19
:107FA0000028D5D00E9DDDF810A001353E46B0E08A
:107FB0000C9A002A40F0D28000230F9E0B9D0C9358
:107FC0001F4655B1002C08DDA5420B9A2B46A8BFD1
:107FD0002346D21A0B92ED1AE41A0F9B53B10C9B55
:107FE00013B1002E40F0E78251460F9A029800F03C
:107FF000E5FD82460298012100F0FCFC8146BBF1C0
:10800000000F40F0B681009B012B40F3CC81012092
:10801000204410F01F0000F09A80C0F12003042BD0
:1080200040F3DA810B9BC0F11C0003440B93054421
:1080300004440B9B002B05DD514602981A4600F0C4
:1080400017FE8246002C05DD49460298224600F0C4
:108050000FFE8146109B002B40F07081099B002B86
:1080600040F348810C9B002B40F0A4800E9D01350D
:10807000DDF80C80099CDDF808B0012607E05146C8
:1080800000230A22584600F013FC01368246494676
:108090005046FFF709FCA64200F1300308F8013B07
:1080A000EDDB099A002AC8BF1646039AD8BF0126FD
:1080B00002EB060B0024514601220298009300F0C7
:1080C000D7FD4946824600F04BFE002840F3E2818E
:1080D000039A02E05A4500F0E8815E460BF1FF3B4F
:1080E00016F8013C392BF5D001338BF80030DDF860
:1080F00008804946404600F0D1FB57B12CB1BC4244
:1081000003D02146404600F0C9FB0298394600F0F2
:10811000C5FB0298514600F0C1FB00233370089B59
:108120001D60299B002B3FF495AC03981E601FB087
:10813000BDE8F08F5846F8F795F932463B46F8F718
:10814000E7FD00287FF4DBAC0BF1FF3BD7E41C23F9
:108150000B9A1A440B921D441C446AE7009A012AA8
:1081600040F3A881099B0F9A5E1EB242C0F26A8159
:10817000002BA2EB060680F2DD820B9B099A9D1A6A
:108180000298012100F036FC07461AE7C3F12003EC
:1081900006FA03F080E40125E3E43946002302985F
:1081A0000A2200F085FB189B002B074640F3EF8264
:1081B0000E960993002D00F33E81BBF1000F40F0B5
:1081C000DE81B846039E099C731E1C44049B03F089
:1081D0000103CDE90B43029C49465046FFF764FB7F
:1081E00039468346504600F0BBFD424649460546A7
:1081F000204600F0D7FDC26801460BF13003002A8B
:108200003AD1CDE90903504600F0AAFD099906903C
:10821000204600F043FB069A0A9B002A5AD1009A96
:108220001AB90C9A002A00F09A82002D45DB0B9AAD
:10823000B346B2420BF8013B00F0B881514600232F
:108240000A22204600F034FB4745824639464FF06B
:1082500000034FF00A02204636D000F029FB4146C9
:10826000074600230A22204600F022FB5E46804695
:10827000B2E700BF000024400298069300F00EFB16
:10828000002D069B06DB049A009902F001020D43C3
:108290002A432AD1514601220298009300F0E8FCBB
:1082A0004946824600F05CFD0028009B40F3E780D1
:1082B000392B00F02F820BF131030E9D06F8013BA4
:1082C0003C460135474612E700F0F2FA5E460746A3
:1082D000804681E7002DC0F27D8200990D430C9904
:1082E0000D4300F07782002AA1DD392B00F01282C5
:1082F0000133E2E7009B022B7FF7B4AE099B002B12
:1083000040F01C8149460522029800F0D1FA01464E
:108310008146504600F024FD002840F30F81039E63
:108320000E9D312306F8013B01350298494601357F
:1083300000F0B4FA002F7FF4E8AEEAE64946504672
:1083400000F00EFD0028BFF689AE514600230298CA
:108350000A2200F0ADFA0E9B5E1E0C9B8246002B9B
:108360007FF41BAF189B002B40F3FF810E9D0993F8
:108370007EE601465A46029800F020FC009B012B45
:1083800081466BDD4FF0000BD9F8103009EB830309
:10839000186900F0DDFAC0F1200039E6924B039332
:1083A0000333FFF7F9BB049B002B7FF430AEDDE90C
:1083B0000412C2F31303002B7FF429AE8B4B13403E
:1083C00023B10B9B01330B9301340123BBF1000F4D
:1083D00040F0AE819B461AE63FF42BAEC0F13C0361
:1083E000B6E601230C930A9B0E9A134418930133AB
:1083F000012B1E460993B8BF0126172E40F3D581E5
:10840000012204235B0003F11400B042114602F183
:108410000102F7D9029BD96313E401230C930A9E4E
:10842000002E32DD18960996E7E700230C93DAE771
:1084300000230C93F3E7394602982A4600F018FC13
:108440000746BAE60F9B0B9A0F96F31A9B44099BBB
:1084500015461A441C440B92002691E6049B002BFF
:1084600090D1DDE90401C1F313030A46002B89D141
:10847000A4E79DED067B02278DED127B0DE47FF4D2
:108480001CAFDA077FF519AF12E70123CDE90933F5
:10849000FFF7D2BB03D1009BDB073FF519AE5E4669
:1084A0001BF8013D302BFAD021E6039A3123013528
:1084B00013701CE6119A002A00F0FA8003F233438D
:1084C0000B9A0F9E15461A441C440B9258E6C8F1AD
:1084D000010304460B931090FFF79EBB00F0EC8065
:1084E0000E9B434D5E4206F00F0305EBC303D3E939
:1084F0000023DDE90601F8F7A3F93511CDE91201F2
:1085000000F04E813B4E0023022780468946E80753
:1085100009D5D6E9002340464946F8F791F90137D5
:108520008046894601236D1006F10806EFD1002B25
:108530007FF4CCABDDE91289FFF7C8BB039ECCE426
:10854000DDF810A00E9D02460B46F7F73FFE0246EF
:108550000B46CDE904230135DDE90023A846F8F7F1
:10856000FFFB40B9DDE90023DDE90401F8F7D0FBAA
:1085700018B1F10701D5039A4CE43E46C9E5796884
:10858000029800F065F90546002800F027813B6954
:1085900002339A0007F10C010C30F7F7E7FF02985D
:1085A0002946012200F064FB80460BE60E9D3C4606
:1085B000013547467FE5DDF80880394632464046BA
:1085C00000F0FCFA524601460746404600F040FAE9
:1085D00051468246404600F061F90F9B9B1B0F936A
:1085E0003FF408AD00E500BFBCB000080000F07F1C
:1085F000C0B1000898B10008DDE91401F8F720F9CE
:10860000039B1F70129B012BCDE90C0100F0C6806B
:10861000129F039BCDF844B01F447C4B0022404680
:108620004946F8F70DF989468046F8F7B9FB8346C5
:10863000F7F718FF0BF1300B02460B464046494650
:10864000F7F7C2FD06F801BBB74280468946E4D180
:10865000DDF844B06E4B0022DDE90C01F7F7B6FD02
:1086600002460B4640464946F8F77AFB002867D198
:10867000DDE90C2366490020F7F7A6FD02460B460C
:1086800040464946F8F74EFB48B91D9B002BFFF6C4
:1086900093AC0E9B0E2B3FF78FACFFF7FDBB3E4616
:1086A000013F16F8013C302BF9D0199D013530E51A
:1086B0001C9BC3F1360303E7DDE906890227FFF7B8
:1086C00005BB099B002B3FF4B9AB189B002B7FF730
:1086D000DAAB0E9A1293013A4C4B199240460022A3
:1086E0004946F8F7ADF880468946781CF7F7BAFE98
:1086F00042464B46F8F7A4F8464B0022F7F766FDD2
:108700000646A1F15077FFF702BB08F101083123BB
:10871000FFF787BB0E9D039AB34639233C460BF8FF
:10872000013B01354746D8E44FF000094F46F6E5D6
:108730009B4629E60B9A15461A441C440B921FE5EA
:10874000199B039A03F10108FFF764BBDDF858A0F9
:10875000ABE7DDE91AB4DDF858A0FFF794BB392B7D
:10876000D8D0002D3FF7A7ADA7E5009B022B0ADC70
:10877000189B099349460E9DFFF796F8039A00F15E
:10878000300313708DE4189B09930E96B6E5009B99
:10879000022BF8DC189B0E9609930BE5374659E738
:1087A000DDE912890227FFF791BA029B0021D96304
:1087B000FFF747BA029B0025DD632946184600F003
:1087C00047F80390A8B9144B1448002240F2AF11A7
:1087D00000F03EFD002A7FF770AD5BE50E4B0F48C1
:1087E0002A4640F2EF2100F033FD0D4B0393FFF7D3
:1087F00031B9DDE902329A634FF0FF3301220A9565
:1088000018930C920993FFF73EBB00BF0000244071
:108810000000E03F00001C40C0B00008D4B00008D9
:10882000B0B0000882B049B15AB16BB113780B6097
:108830001278101E18BF012002B0704701A9002A4B
:10884000F3D1104602B070476FF00100F4E700BFAB
:10885000436C70B505460C464BB153F8240080B10B
:10886000026843F824200023C360036170BD212205
:10887000042100F00DFD034668640028EDD10020BE
:1088800070BD012101FA04F6721D9200284600F025
:10889000FFFC0028F3D0C0E90146E4E731B1436CA6
:1088A0004A6853F82200086043F82210704700BF5E
:1088B0002DE9F0410D6907460E461C4601F1140EE4
:1088C0000020DEF800108BB202FB03434FEA134C8A
:1088D000090C02FB01CC01309BB203EB0C43854237
:1088E0004EF8043B4FEA1C44EBDC3CB1B368AB42AE
:1088F00007DD06EB850301355C6135613046BDE877
:10890000F081716838460131FFF7A2FF8046A8B1B7
:108910003269023206F10C0192000C30F7F726FEA4
:108920007B6C726853F82210316043F8226046462F
:1089300006EB850301355C613561DFE7024B0348D7
:108940004246BA2100F084FCC0B0000830B10008F3
:10895000B0F5803F034636BF030400201020B3F17A
:10896000807F3CBF1B020830B3F1805F3CBF1B011E
:108970000430B3F1804F03D3002B06DB0130704786
:108980009B0003D45B0003D4202070470230704763
:1089900003307047036813F00702014607D0DA0777
:1089A0001FD4980721D55B080B600120704798B24F
:1089B000A0B11046DAB20AB908301B0A1A0704BF80
:1089C0001B0904309A0704BF9B080230DA0703D45E
:1089D0005B0800F1010006D00B6070471B0C1020F3
:1089E000E8E700207047202070479B080B600220BA
:1089F000704700BF38B5436C04460D464BB158680C
:108A0000B0B102685A60002201234561C26003616F
:108A100038BD2122042100F03BFC0346606400289D
:108A2000EDD1094B0948002240F2451100F010FC3D
:108A30001C220121204600F02BFC0028F1D001224D
:108A4000022342608360DEE7C0B0000830B1000856
:108A50002DE9F04FD1F810801569A84585B00E4674
:108A6000924605DB2A46534645468A4690461E46B0
:108A7000DAF80830DAF8041005EB0804A342B8BFAE
:108A80000131FFF7E5FE8446002800F08B8000F1FD
:108A9000140707EB840E774505D23B46002243F8C6
:108AA000042B9E45FBD8143606EB88080AF11409FE
:108AB000464509EB850566D2A5EB0A03153B23F075
:108AC00003030AF1150A043355452CBF9B464FF0AA
:108AD000040BCDF808E00394AE46E24605E0090C2D
:108AE0002AD1B04507F104074AD956F8041B8DB2C4
:108AF000002DF4D0CC463C46002301965CF8040BD4
:108B0000216886B28AB2000C05FB0622090C1A44C1
:108B100005FB001101EB124192B242EA0142E64527
:108B200044F8042B4FEA1143E8D8019E47F80B3074
:108B300056F8041C090CD4D03B68002248461D4658
:108B40003C469446028801FB02C202EB15429BB2EE
:108B500043EA024344F8043B50F8043B25684FEADB
:108B6000134CABB201FB0C3303EB124386454FEAC7
:108B7000134CE7D8B04547F80B3007F10407B4D8D9
:108B8000DDE902E4D446002C02DC05E0013C03D020
:108B90005EF8043D002BF9D06046CCF8104005B0DB
:108BA000BDE8F08F034B044862464FF4B17100F00A
:108BB0004FFB00BFC0B0000830B1000812F0030343
:108BC0002DE9F041144607462CD10D46A4101CD0C7
:108BD0003E6C86B3E3074FF0000806D4641014D04F
:108BE0003068A8B10646E307F8D53246294638462C
:108BF000FFF72EFF35B17B6C696853F821202A609E
:108C000043F8215064100546EAD12846BDE8F081BA
:108C1000324631463846FFF71BFF3060C0F800800F
:108C20000646E0E7013B0F4A52F823200023FFF7F6
:108C30003FFE0546CAE701213846FFF709FE064612
:108C400040B1012340F27122C0E9043200233864AC
:108C50000360BFE7044B0548324640F2451100F07F
:108C6000F7FA00BF8CB10008C0B0000830B10008AE
:108C70002DE9F0470C4690462769A368496807EB41
:108C800062177D1C9D4206464FEA621904DD5B00B7
:108C90009D4201F10101FADC3046FFF7D9FD84461F
:108CA000002851D0B9F1000F00F114000EDD09F1D8
:108CB00005024FEA820E03460CEB8202002143F8C4
:108CC000041B9342FBD1AEF114031844216904F153
:108CD000140318F01F0803EB81012DD0C8F12009FF
:108CE00086464FF0000A1A6802FA08F242EA0A02BF
:108CF0004EF8042B53F8042B994222FA09FAF2D8C1
:108D00000B1B153B23F00303043304F115029142BE
:108D100038BF042340F803A0BAF1000F00D13D464C
:108D2000736C6268CCF8105053F8221021606046D2
:108D300043F82240BDE8F087043853F8042B40F88C
:108D4000042F9942F9D8EAE7034B044862464FF4EE
:108D5000EF7100F07DFA00BFC0B0000830B100082C
:108D60000B6984460069C01A16D10CF1140C143139
:108D70000CEB830210B401EB830301E0944508D2AD
:108D800052F8044D53F8041D8C42F7D005D24FF031
:108D9000FF305DF8044B7047704701205DF8044BCD
:108DA000704700BF2DE9F04F13690F69FF1A002FBC
:108DB00083B00D46904615D101F11406143202EB32
:108DC000830206EB830301E09E4276D253F8044D02
:108DD00052F8041D8C42F7D006D22B460127454697
:108DE000984601E0F9DB00276968FFF731FD81460D
:108DF000002876D02E69C760D8F8100005F1140B52
:108E000008F1140E09F1140A05F110010EEB8000AF
:108E10000BEB860257464FF0000CCDF804B05EF81D
:108E2000044B51F8045F1FFA84FBABB2A3EB0B03B6
:108E3000240C6344C4EB154404EB23449BB243EA83
:108E40000443704547F8043B4FEA244CE7D8A0EBB5
:108E50000801153989084C1CDDF804B008F1150823
:108E6000A400404538BF04240BEB0405AA42544437
:108E700030D92746284650F8043B1CFA83FE190CCB
:108E8000634401EB2E419BB243EA0143824247F81F
:108E9000043B4FEA214CEED8013A521B22F0030268
:108EA000144423B954F8043D013E002BFAD048463F
:108EB000C9F8106003B0BDE8F08F0021FFF7C8FCCF
:108EC0008146A8B101220023C0E90423484603B02B
:108ED000BDE8F08F8900404538BF00210AEB01044E
:108EE000DFE7074B07484A4640F2452100F0B0F95A
:108EF000034B04484A4640F2372100F0A9F900BF6D
:108F0000C0B0000830B100082DE9F0430E4683B030
:108F1000012159EC108B1546FFF79AFC04460028F6
:108F200046D0C9F30A57C9F313030FB143F48013B2
:108F30000193B8F1000313D101A8FFF72BFD019BAA
:108F400063610122203022610FB3A7F23347074447
:108F5000C0F1350037602860204603B0BDE8F083DB
:108F600068460093FFF716FD019BF8B10099C0F128
:108F7000200203FA02F2C3400A430193002B62610C
:108F80000CBF01220222A3612261002FDDD104EB7C
:108F90008203A0F2324030601869FFF7D9FCC0EBC1
:108FA00042102860204603B0BDE8F083009AE5E750
:108FB000034B0448224640F20F3100F049F900BF4C
:108FC000C0B0000830B1000849B1FF2A02D80A70C9
:108FD000012070478A2303604FF0FF307047084636
:108FE000704700BF70B5054684B05BB11C460F4B9F
:108FF000D3F8E060234669B12846B047431C0FD040
:1090000004B070BD094B00F58274D3F8E0602346CC
:109010000029F1D10A46284601A9B047431CEFD1E7
:1090200000228A2322602B6004B070BD5805002006
:1090300010B582B0049CCDE900344FF0FF3300F04E
:109040007DFB02B010BD00BF2DE9F04F936817689B
:1090500083B09246002B74D04FF0000B8B680A68E7
:1090600081460C465D4645E0B4F90C3013F4906F30
:109070002CD0D4E90401161A01EB410202EBD272A2
:10908000711C52102944914292BF904688460A466C
:109090005B0539D511464846FCF752F90190002886
:1090A0003DD032462169F7F761FAA289019B22F48B
:1090B000906242F08002A2819819A8EB0606A66091
:1090C000C4F8148023612060A8462E4632465946D3
:1090D00000F03EF8DAF80810A3682268A3EB080352
:1090E0003244491BA3602260CAF8081049B3D7E98B
:1090F00000B5083798461046002DF8D09D421E4610
:10910000B2D2A8462E46E1E70146484600F0F6F8FE
:1091100003460028D0D121694846FCF713F8A389FB
:109120000C2243F04003C9F800204FF0FF30A38128
:1091300000220023CAF80820CAF8043003B0BDE8B2
:10914000F08F00200023CAF8043003B0BDE8F08F90
:1091500088420ED98B1883420BD900EB020C002AEF
:109160006ED0624613F801CD02F801CD9942F9D1D3
:1091700070470F2A0FD8034602F1FF3C002A5FD048
:109180000CF1010C013B8C4411F8012B03F8012F69
:109190006145F9D1704740EA01039B0751D1A2F123
:1091A000100370B501F1200C23F00F0501F1100E32
:1091B00000F11004AC441B095EF8105C44F8105C2C
:1091C0005EF80C5C44F80C5C5EF8085C44F8085CE3
:1091D0005EF8045C44F8045C0EF1100EE64504F100
:1091E0001004E9D1013312F00C0F01EB031102F06E
:1091F0000F0400EB031328D0043C24F003064FEACD
:10920000940C1E441C1F8E465EF8045B44F8045FF9
:10921000B442F9D10CF1010402F0030203EB840320
:1092200001EB840102F1FF3C4AB10CF1010C013B5E
:109230008C4411F8012B03F8012F6145F9D170BD61
:10924000704702F1FF3C03469AE72246EAE700BF77
:1092500000B50B4C25681446EE681A4685B00346E7
:109260000D464CB107490095CDE901143046064939
:1092700000F076FA01F026FD04490C46F3E700BF42
:10928000180000208CB300089CB3000898B30008B5
:1092900038B5A1FB021454BBFCF752F8054650B395
:1092A00050F8042C22F00302043A242A10D8132A7E
:1092B00013D91B2A0460446016D9242A8460C46030
:1092C00011BF00F1100200F118020461446105E0D1
:1092D0002146FBF7C1FD284638BD02460023136036
:1092E00053609360284638BD00F10802F6E7FBF7AB
:1092F00087FE0C2303600025284638BD2DE9F84F72
:109300001646002900F096800C46804606F10B05B3
:10931000FCF7D0FA54F8041C162DA4F1080921F02A
:10932000030758D81025AE4258D8AF4260DABE4B7A
:109330009A6809EB070C6245DCF8040000F09080A5
:1093400020F0010363445B68DA0768D420F003006F
:109350003B189D4247DDCB0712D454F8083CA9EBDB
:10936000030BDBF8043023F00302104400EB070A80
:10937000554540F3F68007EB020A554540F3CC8093
:1093800031464046FBF7DCFF0646002800F020810E
:1093900054F8043C23F001034B44A0F1080293422B
:1093A00000F0B4803A1F242A00F2D780132A00F27A
:1093B000A28003462246116819605168596092687C
:1093C0009A6021464046FBF7BDFE4046FCF778FA1E
:1093D0003046BDE8F88F35F00705A4D50C23C8F852
:1093E0000030002618E01F46DCE90223D3609A60B3
:1093F000D9F804307A1B0F2A03F0010309EB0700A8
:109400001DD83B43C9F80430436843F0010343606F
:109410004046FCF755FA26463046BDE8F88FC907A6
:10942000AED454F8083CA9EB030BDBF8043023F06E
:109430000302A0E7BDE8F84F1146FBF781BF09EB37
:1094400005012B4342F00102C9F804304A60436829
:1094500043F00103436008314046FBF773FED7E752
:1094600020F00300C21905F1100C624580F29180D2
:10947000CA0785D454F8082CA9EB020BDBF80420AA
:1094800022F00302104400EB070AD4453FF773AF04
:109490005E46DBF80C1056F8080F3A1F242AC1600C
:1094A000886000F2AE80132A40F2A9802168CBF8D0
:1094B00008106168CBF80C101B2A00F2A880083451
:1094C0000BF110022168116061685160A168916020
:1094D0000BEB0501AAEB050242F0010299604A601C
:1094E000DBF8043003F001032B434046CBF8043093
:1094F000FCF7E6F990E723680360636843601B2A82
:109500003CD804F1080200F1080354E750F8043C89
:1095100023F003031F446BE73A1F5E46DBF80C3071
:1095200056F8081F242ACB60996022D8132A1ED926
:109530002368CBF808306368CBF80C301B2A3BD883
:1095400008340BF1100322681A6062685A60A2683E
:109550009A6034465746D9464AE72146FFF7F8FD58
:109560002FE7DCE902133A1FCB609960D5E7334659
:10957000E9E721463046FFF7EBFDEAE7A3688360A1
:10958000E368C360242A27D004F1100200F110031D
:1095900011E709EB05019960531B43F001034B6090
:1095A00054F8043C03F001032B43404644F8043CC8
:1095B000FCF786F926462FE7A368CBF81030E3685E
:1095C000CBF81430242A10D010340BF11803BAE76A
:1095D0004046FCF775F904E723690361616941615D
:1095E00004F1180200F11803E5E62369CBF81830FE
:1095F0006369CBF81C3018340BF12003A3E7324623
:1096000060E721463046FFF7A3FD074B60E7A168FE
:10961000CBF81010E168CBF81410242A06D01034CF
:109620000BF118024EE700BF500100202269CBF871
:1096300018206269CBF81C2018340BF1200241E796
:109640002DE9F04F8BB0DDE9157A86461E46002FD6
:109650005AD0156800295CD0149B002B69D0741E69
:109660004EB3043DCDE9015EDDF850B00491002613
:10967000039105920BE0039B0BBB019B186800282C
:1096800036D0DC4557D2013C631C664613D0019BA3
:10969000029853F8042F0193DAF8E0503B4607A9EB
:1096A000D7E90098A847421C37D000EB060CDC45F0
:1096B000E1D9C7E9009830460BB0BDE8F08F00282B
:1096C0000EDD049B019D18445A1E07A900F1FF3EC0
:1096D00011F8013B02F8013F9645F9D1019504903C
:1096E000059B1A6804321A60019B18680028C8D1CB
:1096F0000399059A01B110600CF1FF360022304643
:109700003A600BB0BDE8F08F156800F58677002948
:10971000A2D14FF0FF331493A1E7DDF808E006462D
:109720008A2100223046CEF800103A600BB0BDE826
:10973000F08F149EBFE76646BDE700BF10B584B04A
:10974000054C069800900798019004480068029420
:10975000FFF776FF04B010BD580500201800002068
:109760000EB410B583B005AB064C53F8042B01932F
:109770000146206800F044F803B0BDE8104003B093
:10978000704700BF180000202DE9F84F4B6E9C0475
:1097900090462ED5936812684BB30D46064602F1EB
:1097A000080959E9022A5FEA9A0716D0A2F1040BC8
:1097B000002401E0A7420ED05BF8041F2A46304681
:1097C00001F050FA431C04F10104F3D10023C8E96D
:1097D0000133BDE8F88FD8F808302AF0030AA3EB6C
:1097E0000A03C8F8083009F10809002BD9D1002074
:1097F000ECE701F019F80023C8E90133BDE8F88F60
:109800002DE9F04FC7B016AF8346039106920021B1
:10981000082238461C460A93FBF71EFBBBF1000FDB
:1098200004D0DBF83430002B00F0B886039A536E76
:10983000B2F90C20DB0702D4960540F19D85950412
:1098400007D403994B6E42F4005223F400538A81EB
:109850004B66100740F1C980039B1B69002B00F089
:10986000C48002F01A030A2B00F0CE800023CDE959
:109870001B33CDE90E331DAADFF804A90D931A920C
:10988000914610930793069DDAF8E440FDF75AFFDE
:109890002A46034614A900975846A047002800F01E
:1098A000D280C0F2C880149A252A034601D01D44F4
:1098B000EAE7069BEE1A044640F0C98000234FF009
:1098C000FF316A788DF84B3008936C1C0591029338
:1098D0000134A2F120035A2B00F2FF80DFE813F0DD
:1098E0000003FD00FD00FA02FD00FD00FD006B001D
:1098F000FD00FD0015022A03FD0020021003FD00FB
:109900000A035B005B005B005B005B005B005B00CD
:109910005B005B00FD00FD00FD00FD00FD00FD00A3
:10992000FD00FD00FD00CB015A02FD00FD00FD0021
:10993000FD00FD00FD00FD00FD00FD00FD00260214
:10994000FD00FD00FD00A301FD007302FD00FD0010
:109950008C05FD00FD00FD00FD00FD00FD00FD008B
:10996000FD00FD00FD00CB01F001FD00FD00FD004C
:10997000C102F0017F00FD002F03FD00EB0289050D
:10998000CA027F00FD00A3017D008605FD00FD00E9
:10999000AF05FD007D00A2F130030022114614F84E
:1099A000012B01EB810103EB4101A2F13003092BF3
:1099B000F5D908918DE75846FDF7CAFE4368109324
:1099C0001846F6F77DFE0F9005465846FDF7C0FE97
:1099D00083680E93002D40F0E384227878E7029BA1
:1099E000227843F02003029372E7039D58462946EC
:1099F00001F09AF8002840F0A386B5F90C2002F097
:109A00001A030A2B7FF432AF0399B1F90E30002B01
:109A1000FFF62CAF4B6EDB0702D4970540F15B8657
:109A2000069A03992346584600F0BEFE0790079811
:109A300047B0BDE8F08F082200213846FBF70CFA4A
:109A400001231D4420E7069BEE1A044612D0069B14
:109A50001C9AC9E900361B9B01333244072B1C9228
:109A60001B9311DC09F10809079B33440793002C71
:109A70007FF424AF1C9B002B40F04D86039B0022FB
:109A8000B3F90C301B921CE0002A00F02D840399DE
:109A90001AAA5846FFF778FE80B90DF17409E3E77A
:109AA00003991AAA5846FFF76FFE002800F0A68017
:109AB0000B9B1BB10B995846FBF744FB039BB3F977
:109AC0000C30039A526ED10740F1A3805B0600F17F
:109AD0004386079847B0BDE8F08F0694002AC9D0A6
:109AE00000238DF84B3001238DF8B42004930993A3
:109AF0002DAC00230B930593029B13F0020302D0BD
:109B0000049A02320492DDE91B2C029D501C15F0D0
:109B1000840501460C9505D1089D049EAD1B002DC2
:109B200000F332839DF84B0088B101220CF1010C47
:109B3000C9F8042007290DF14B02CDE91B1CC9F817
:109B4000002000F3E1820A4609F108090131EBB176
:109B500013AB0CF1020CC9F8003007294FF00203D7
:109B6000CDE91B1CC9F8043040F3EC82BCF1000FB6
:109B700000F0DB8303991AAA5846FFF705FE002878
:109B800096D1DDE91B2C0DF17409511C0C9B802B27
:109B900000F01382059B09981D1A002D00F36882BE
:109BA000099AC9F8004002EB0C030729CDE91B1301
:109BB000C9F8042040F3FE81002B00F02C830399A8
:109BC0001AAA5846FFF7E0FD00287FF471AF1C9BEE
:109BD0000DF17409029A500705D5089A0499541A90
:109BE000002C00F32383DDE9072104988142ACBFF8
:109BF000521812180792002B7FF452AF00231B93C8
:109C00000B9B1BB119465846FBF79CFA0DF17409E2
:109C100039E69A053FF55AAF039CA06DFBF724FA8D
:109C2000B4F90C3052E70A9E069456F8044B002310
:109C30008DF84B30002C00F0C984532A00F02284A8
:109C4000029B13F0100540F01D84059B5A1C00F088
:109C50004E851A4629462046F6F7A2FD0B900028AD
:109C600000F03E85031B099323EAE37305950A96EA
:109C700004930B958DE10A9B0694432A03F1040596
:109C800003D0029BDE0640F1E5830822002118A8DC
:109C9000FBF7E2F80A9B2DAC1A68214618AB584630
:109CA000FFF7A0F903460133099000F04185099BB5
:109CB00023EAE373049300230A958DF84B3018E7E9
:109CC000029B06949C066DD50A9B073323F007037D
:109CD00019465A6851F8083B0A911146002AC0F209
:109CE0003781059A013200F04081029A22F0800209
:109CF000029253EA010240F03881059B002B40F0AC
:109D000008850493099346AC41E10A9B53F8042B60
:109D10000892002A80F22883089A0A9352420892F5
:109D2000029B227843F004030293D1E5029B069440
:109D300043F0100212F0200100F0E8820A9B073382
:109D400023F007031846596850F8083B0A9022F49C
:109D500080640294059C002001348DF84B005DD096
:109D600053EA010422F4906240F01484029C0292AF
:109D7000059B002B4AD1002840F0F18214F001022B
:109D8000099200F0F58230238DF8173104920DF21C
:109D90001714FCE0029B069443F010030293029B0D
:109DA0009C0691D40A9A52F8043B0A92029AD00671
:109DB00000F1F382029A510640F1EB8243F3C03185
:109DC0000A461BB28AE7029B069443F0100414F083
:109DD000200100F08C820A9B073323F007031A4608
:109DE000596852F8083B0A9200228DF84B20059AD8
:109DF000013200F0D18324F08002029253EA010282
:109E000040F0B380059B0120002BB4D0012800F066
:109E1000808400230228194600F0998146AC03F0A3
:109E20000702DB0843EA4173C908303253EA0105EF
:109E3000204604F8012DF2D1029BDD0740F1958107
:109E4000302A00F092813023059A04F8013C023850
:109E500046AB1B1A9A42B8BF1A46099304460492AD
:109E600095E02278029B682A00F09D8343F040032E
:109E700002932DE5029B0A9A069443F00203029393
:109E800052F8043B0A9247F63002ADF84C20BB4A28
:109E90000D92002100228DF84B20059A013200F02E
:109EA0005681029C53EA010024F08002029240F0A5
:109EB0004E8102205CE7029B06949B0640F17F8264
:109EC0000A9B079A1B681A60D2175A600A9B0433D0
:109ED0000A93D8E4029B227843F001030293F7E44B
:109EE0009DF84B302278002B7FF4F2AC20238DF8C4
:109EF0004B30EDE4029B227843F080030293E7E4C9
:109F0000214611F8012B2A2A00F03384A2F13003F4
:109F1000092B0C4600F2F6830022114614F8012B9F
:109F200001EB810103EB4101A2F13003092BF5D9CB
:109F30000591CEE42B2322788DF84B30C8E42278AB
:109F4000029B6C2A00F0368343F010030293BFE4B7
:109F50002D228DF84B20059A5B4261EB41010132C5
:109F600003D0029A22F0800202920A2B71F10002C1
:109F700080F0BD823033DBB28DF81731059B012BA9
:109F8000B8BF01230493012309930DF21714002392
:109F90000B939DF84B30002B3FF4AEAD049B013387
:109FA0000493A9E5099B1D9401221E931C931B9207
:109FB0000DF1740909F108090CE6089B04981D1AB3
:109FC000002D7FF7E7AD102D40F3CB83DFF8B48190
:109FD00043461026A04661461C4607E002F1020CEB
:109FE00009F108090246103D102D1ADD501C1031F0
:109FF0000728C9E90046CDE91B01EFDD1AAA0029AF
:10A000007CD0039958460DF17409FFF7BDFB002879
:10A010007FF44EADDDE91B21103D102D02F1010C46
:10A02000E4DC2346604644468C469846AC44072808
:10A03000CDE91B0CC9F80080C9F8045040F3A48195
:10A04000BCF1000F00F0278303991AAA5846FFF7C6
:10A050009BFB00287FF42CAD059B0998DDE91B2CA8
:10A060001D1A002D02F101010DF174097FF798AD61
:10A07000102DDFF810812DDD2B4610262546604679
:10A080001C4607E002F1020C09F108090A46103CDF
:10A09000102C1ADD511C3B4B10300729C9E9003642
:10A0A000CDE91B10EEDD1AAA10B3039958460DF145
:10A0B0007409FFF769FB00287FF4FAACDDE91B2087
:10A0C000103C102C02F1010CE4DC234661462C46C6
:10A0D00084461D46AC440729CDE91B1CC9F8008005
:10A0E000C9F8045000F3ED8009F10809013157E582
:10A0F0004FF0010C02460DF17409C8E74FF0010C56
:10A100000A460DF174096EE7BCF1000F0FD00399F8
:10A1100011931AAA5846FFF737FB00287FF4C8AC02
:10A12000DDE91B2C119B511C0DF174090FE5002B6F
:10A1300000F0568102231E939C4613AB1D93012110
:10A140000DF174090A4609F1080901311EE50D985F
:10A1500046AC03F00F021B09825C04F8012D43EAB0
:10A160000173090953EA0102F3D1059A46AB1B1B9F
:10A170009A42B8BF1A460993049208E714B000083F
:10A1800058050020CCB30008102D40F3BF82AE4E1E
:10A19000119349464FF01008A1463446664607E041
:10A1A00002F1020E08310246103D102D18DD501C40
:10A1B00010360728C1E90048CDE91B06F0DD0399F8
:10A1C0001AAA584616B3FFF7DFFA00287FF470ACDE
:10A1D000DDE91B26103D102D02F1010E1DA9E6DC64
:10A1E000119BB44626464C468946AC44BEF1070F47
:10A1F000CDE91BECC9F80060C9F8045000F39A805F
:10A2000009F108090EF1010172468BE432464FF064
:10A21000010E1DA9C8E7029A1B93540748D5089A56
:10A220000499541A002C43DD0DF17409102C1B996C
:10A2300040F37B82844EDDF80C80102506E0881CFC
:10A2400009F108091146103C102C19DD4A1C103385
:10A25000072AC9E90065CDE91B23F0DD1AAA13B36B
:10A2600041465846FFF790FA00287FF421ACDDE91B
:10A270001B13103C102C01F101000DF17409E5DCF9
:10A2800023440728C9E90064CDE91B037FF7ABAC81
:10A2900073B103991AAA5846FFF776FA00287FF49B
:10A2A00007AC1C9B9FE4012019460DF17409CAE715
:10A2B000DDE9073204998A42ACBF9B185B1807930B
:10A2C0009CE4BCF1000F3FF46DAE03991AAA584606
:10A2D000FFF75AFA00287FF4EBAB1B99DDF870C04A
:10A2E00001310DF174095BE41B92FFF7D6BB0A9AAA
:10A2F00052F8043B0A9214F010027FF475AD14F08A
:10A30000400000F06D819BB211466DE50A9850F84F
:10A31000043B0A9012F010007FF419AD12F04004D3
:10A3200000F066819BB2014611E5012162460DF104
:10A3300074092BE4BCF1000F00F095800399119390
:10A340001AAA5846FFF720FA00287FF4B1ABDDE9DE
:10A350001B2C119B511C0DF17409FFF7E3BB059BEE
:10A360000493099346AC12E622780A93FFF7B0BA39
:10A37000059B049346AC0AE6039DA86DFAF772FEAE
:10A38000B5F90C20FFF75BBA09F10809411C024638
:10A3900000E4029A920500F18481D9170A469DE4EF
:10A3A0000E9B2278002B3FF493AA1B78002B3FF4DE
:10A3B0008FAA029B43F480630293FFF789BA029B42
:10A3C000DE0600F1FE80029B5D0600F17681029BB5
:10A3D0009C0540F1F6800A9B079A1B681A7075E588
:10A3E000624601210DF17409FFF7D0BB0694029C6F
:10A3F000EDE4029A06949DE4144B06940D93029B9F
:10A4000013F0200163D00A9B073323F0070318469B
:10A41000596850F8083B0A90029CE6070AD553EAAF
:10A42000010007D08DF84D2044F002020292302244
:10A430008DF84C20029A22F4806202922AE5044BA5
:10A4400006940D93DBE700BFDCB3000828B00008DA
:10A4500014B000080A9B1B688DF8B43001230493E4
:10A4600009932DAC27E49DF84B20002A00F01F81B2
:10A4700001210DF14B021E911D920DF174098C46C4
:10A48000FFF761BB0822002118A81594FAF7E4FC35
:10A49000059B581C00F0BA800025049498462C4671
:10A4A0000CE02DA95846FEF79DFD411C204400F00C
:10A4B0003F81404508DC00F058810446159A525906
:10A4C00018AB0435002AECD10994049CACE00A983E
:10A4D00050F8043B0A90029810F010009CD10299A9
:10A4E00011F0400400F08B809BB2014694E7029A81
:10A4F000CDF8109046AC02F48062A146CDF824B0AD
:10A50000A54EDDF838B04FF0000C144605E00A2BDC
:10A5100071F1000136D3434629465A1842F1000230
:10A52000A6FB020525F0030000EB9500121A981A0D
:10A530004FF0CC3561F1000E05FB00F506FB0E5522
:10A54000A0FB0680054408F0010E0520AEFB000EBE
:10A5500080184FEA5808303009F8010C48EAC578ED
:10A560000CF1010C09F1FF396D08002CCFD09BF8DC
:10A5700000206245CBD1BCF1FF0FC8D00A2B71F18E
:10A58000000172D2CDF838B04C46DDF824B0DDF8C9
:10A590001090EAE5029241E40294E6E45846FAF7A4
:10A5A00081FBFFF743B943F40073627802930134EF
:10A5B000FFF78EB943F02003627802930134FFF76E
:10A5C00087B90A9B079A1B681A607FE4059B734C46
:10A5D000062B28BF0623CDE909360493FFF789BA75
:10A5E00014F400713FF400ACDBB20146FFF7FCBB92
:10A5F00012F400711CBFDBB22146FFF7A8BB029921
:10A6000011F400711CBFDBB2214605E718AB0093C3
:10A610000023194615AA5846FEF70AFD03460133E2
:10A62000099000F085801594099B73B3632B49DC76
:10A6300000230B932DAC0822002118A8FAF70CFC7C
:10A64000099D18AB009315AA2B4621465846FEF7E4
:10A65000EFFC854240F09880099A0A960023A354A3
:10A66000059322EAE273049393E40F9B1099A9EBFC
:10A6700003091A464846FDF731F89BF801300BB143
:10A680000BF1010B4FF0000C45E7099B0A96CDE951
:10A6900004330B937DE4012162460DF17409FFF749
:10A6A00079BA43F3C0110A465BB2FFF717BB6246A3
:10A6B00001210DF17409FFF74ABA0A9B079A1B683A
:10A6C0001A8003E4591C5846FAF73AFE044600285B
:10A6D0002ED00B90AFE7886DFAF7C6FCFFF7A0B954
:10A6E000059B049309930B9B0A96059351E420461E
:10A6F00005950A96F5F7E4FF20EAE07309900493C4
:10A700000B9546E400230593FFF7E3B8244E8646F5
:10A710006BE5302330E403991AAA5846FFF734F862
:10A7200000283FF4ABA9FFF7C9B91D4E481CA7E5A7
:10A73000039AB2F90C3043F040039381FFF7C1B99B
:10A74000039B5B6ED90707D4039B9B899A0503D4AF
:10A75000039B986DFAF788FC4FF0FF330793FFF7E0
:10A76000B8B9DFF84080084660E4DDE904430993A6
:10A770005AE70A9B62780C4653F8041B0A9341EA95
:10A78000E1710591FFF7A4B8039A938943F0400360
:10A790009381FFF78DB900BFCDCCCCCC3CB0000885
:10A7A000DCB30008CCB30008F0B51F468B89ADF2CE
:10A7B0006C4D23F00203ADF80C304B6E1993CB892E
:10A7C000ADF80E30CB6907934B6A09931AAB00932F
:10A7D00004934FF48063154606460293059316A82A
:10A7E00000230C460693FAF739FC2A463B46694695
:10A7F0003046FFF705F8051E07DB69463046FCF7D3
:10A8000043FF002818BF4FF0FF35BDF80C305B0642
:10A8100003D5A38943F04003A3811698FAF720FCDF
:10A8200028460DF26C4DF0BD9368002B00F0F880C7
:10A830002DE9F04FB1F90CC01CF0080F83B0904621
:10A8400081460C4631D00B697BB31CF00207D8F867
:10A85000006038D00027D4F824B0E169DFF8C4A242
:10A860003D4655452B463A4628BF53464846C5B156
:10A87000D847002840F3CA80D8F808301B1A07448C
:10A880002D1AC8F80830002B00F0B68055452B462D
:10A89000D4F824B0E16928BF53463A464846002D13
:10A8A000E6D1D6E900750836DBE72146484600F0D8
:10A8B0003BF9002840F0AF80B4F90CC0D8F8006034
:10A8C0001CF00207C6D11CF0010A63D12368A168FD
:10A8D000574618468B46002F58D01CF4007F00F0D6
:10A8E000B580B9420A4600F2E1801CF4906F2FD087
:10A8F000216962695D1A02EB420202EBD2726B1CA3
:10A9000052103B44934292BF93469B461A461CF416
:10A91000806F00F0EA8011464846FAF711FD0028E2
:10A9200000F0F9802A4621690090F5F71FFEA28900
:10A93000009B22F4906242F08002A2815819ABEB96
:10A940000505C4F814B02361A5602060BB463A46F3
:10A9500051460092FEF7FCFBA1682368009AA1EB28
:10A960000B011A443D46A16022600027D8F8083048
:10A970005B1BAA44C8F80830002B3DD02368A168AF
:10A98000B4F90CC018468B46002FA6D1D6E900A713
:10A9900008369EE73846BB463D460097002D41D01D
:10A9A000002846D0009A2068A168D4E90473AA421E
:10A9B00028BF2A46B84204D901EB030A524500F3E6
:10A9C0008580934275DCE169676A5A464846B84714
:10A9D000B0F1000A1ADD009BB3EB0A0300930FD01D
:10A9E0000120D8F80830A3EB0A03D344A5EB0A05ED
:10A9F000C8F80830002BD1D1002003B0BDE8F08F9B
:10AA000021464846FCF740FE0028EAD0B4F90C3055
:10AA100043F04003A3814FF0FF3003B0BDE8F08F57
:10AA200000207047756833460836002DFAD0D3F8F9
:10AA300000B02A460A215846F5F7B2FE002867D032
:10AA40000130A0EB0B0300931A46ACE722699A424F
:10AA500014D36269BA4211D86FF00043BB4228BFD9
:10AA60003B46656A93FBF2F3E16902FB03F3484658
:10AA70005246A847051EC9DD7F1B77E7B94228BFAC
:10AA800039460D4618460A465146FEF761FBA16855
:10AA90002368491B2B44A16023600029ECD1214687
:10AAA0004846FCF7F1FD0028E6D0AFE7BB463A4642
:10AAB0004EE759460192FEF74BFB019AA3689B1A99
:10AAC000A360236813442360924684E759465246A4
:10AAD000FEF73EFB23685344236021464846FCF7BB
:10AAE000D3FD00283FF477AF90E74846FEF706FC19
:10AAF000034600287FF422AF21694846FAF722FB7B
:10AB0000B4F90C300C2223F08003C9F800207FE751
:10AB10006A1C009247E70C22B4F90C30C9F80020F7
:10AB200076E700BF00FCFF7F38B52E4B1B6805465B
:10AB30000C4613B15A6B002A4BD0B4F90C301807ED
:10AB40001CD5226922B313F0010107D061690020EE
:10AB50004942A060A1613AB1002038BD980758BFB2
:10AB60006169A160002AF7D1190658BF1046F4D5D3
:10AB700043F04003A3814FF0FF3038BDD9062CD5F8
:10AB80005A0712D4226943F00803A381002ADAD1BC
:10AB900003F42071B1F5007FD5D02146284600F09E
:10ABA00099F8B4F90C302269CDE7216B51B104F169
:10ABB0004002914204D02846FAF7C4FAB4F90C30A6
:10ABC0000022226322690021C4E9002123F024032A
:10ABD000D9E71846FAF766F8AFE709222A6043F08A
:10ABE0004003C7E71800002070B582B006460D4646
:10ABF0001446FCF7A7FD012802D16B1EFE2B26D9B7
:10AC000004F15C032A4601A93046FEF7EBF9431C28
:10AC100020D078B1A3689DF80410013B002BA360FD
:10AC200004DAA269934208DB0A2906D023685A1C79
:10AC300022601970284602B070BD2246304600F0EE
:10AC4000B7F80130F6D14FF0FF3002B070BD8DF88B
:10AC50000450DFE7A38943F04003A3814FF0FF30A6
:10AC6000F3E700BF30B51446526EB4F90C30054618
:10AC7000D00783B001D49A051CD5980406D4626E1F
:10AC800043F4005342F40052A381626622462846F0
:10AC9000FFF7AAFF636EDA07054602D4A3899B0576
:10ACA00002D5284603B030BDA06DFAF7DDF928467D
:10ACB00003B030BDA06D0191FAF7D4F9B4F90C30AE
:10ACC0000199DAE708B5062000F0C8F80120F6F788
:10ACD0000BFD00BF2DE9F041B1F90C300C4699078E
:10ACE00096B008D504F143030122C4E9043223607D
:10ACF00016B0BDE8F081B4F90E100029064626DB37
:10AD00006A4600F0D7F800281FDB019D05F4704566
:10AD1000A5F50055B5FA85F54FF480686D094FF437
:10AD2000006741463046FAF70BFBE8B1B4F90C3046
:10AD3000C4F8148043F0800320602061A3813DBBF0
:10AD40003B43A38116B0BDE8F081B4F90C3013F099
:10AD5000800519D04FF040080025414630462F4667
:10AD6000FAF7EEFA0028E1D1B4F90C309A05BFD415
:10AD700023F0030304F1430243F002030121C4E979
:10AD80000421A3812260B3E74FF480682F46C8E70F
:10AD9000B4F90E10304600F0A3F810B9B4F90C3035
:10ADA000CEE7A38923F0030343F001031BB2C7E7F7
:10ADB000F8B50D461446064610B1436B002B4AD039
:10ADC000B4F90C20A369A36010071BD52369CBB18C
:10ADD000EDB291042F4621D522686169D31A9942B8
:10ADE00028DD0133A1680139A160511C2160157073
:10ADF00062699A4226D0A389DB0701D50A2D21D0AA
:10AE00003846F8BD21463046FFF78EFE00BBB4F948
:10AE10000C202369EDB291042F46DDD442F4005298
:10AE2000A281626E616922F4005262662268D31ABE
:10AE30009942D6DC21463046FCF726FC40B9226810
:10AE40000123CFE721463046FCF71EFC0028D7D06F
:10AE50004FF0FF37D4E7F9F725FFB1E738B5144BCA
:10AE60001F281D681ED8D5F81821044662B152F873
:10AE700020304BB1012B05D0591C0FD0002142F8D6
:10AE800020109847002038BD284600F051F822468F
:10AE900001462846BDE8384000F034B816232B6040
:10AEA000012038BD16232B604FF0FF3038BD00BFA6
:10AEB0001800002070B50C46084D034600262046B9
:10AEC00011461C462E60F6F736FC431C00D070BDC0
:10AED0002B68002BFBD0236070BD00BF544A0020BC
:10AEE00038B5074D0022044608462A60F6F728FCCC
:10AEF000431C00D038BD2B68002BFBD0236038BD2D
:10AF0000544A002070B50C46084D034600262046E2
:10AF100011461C462E60F6F7DFFB431C00D070BDC7
:10AF20002B68002BFBD0236070BD00BF544A00206B
:10AF3000F6F7D0BBF8B500BFF8BC08BC9E4670471A
:0CAF4000F8B500BFF8BC08BC9E46704786
:10AF500054656D703A20252E316620432C204C69B3
:10AF60006768743A20252E31662C20536F696C3A3D
:10AF700020252E316625252C2048756D3A20252E5A
:10AF8000316625250D0A0000444154413A543D25BF
:10AF90002E31662C483D252E31662C4C3D252E3118
:10AFA000662C4D3D252E31660D0A000053656E73EB
:10AFB0006F725461736B0000436F6E74726F6C54E8
:10AFC00061736B00446973706C61795461736B00D9
:10AFD000436F6D6D5461736B000000000000000052
:10AFE000010203040000000000000000010203044D
:10AFF00006070809000610160006101649444C45BD
:10B0000000000000494E4600696E66004E414E0049
:10B010006E616E0030313233343536373839616223
:10B0200063646566000000003031323334353637F2
:10B03000383941424344454600000000286E756C93
:10B040006C290000300000003030303030303030BB
:10B050003030303030303030202020202020202070
:10B0600020202020202020202E0000004C435F4381
:10B070004F4C4C41544500004C435F43545950459C
:10B08000000000004C435F4D4F4E45544152590063
:10B090004C435F4E554D4552494300004C435F546D
:10B0A000494D45004C435F4D45535341474553007F
:10B0B000496E66696E697479000000004E614E0049
:10B0C00042616C6C6F63207375636365656465646E
:10B0D000000000002F646174612F6A656E6B696EF9
:10B0E000732F776F726B73706163652F474E552DA9
:10B0F000746F6F6C636861696E2F61726D2D313290
:10B100002F7372632F6E65776C69622D6379677731
:10B11000696E2F6E65776C69622F6C6962632F733D
:10B1200074646C69622F64746F612E6300000000A8
:10B130002F646174612F6A656E6B696E732F776F10
:10B14000726B73706163652F474E552D746F6F6C12
:10B15000636861696E2F61726D2D31322F73726376
:10B160002F6E65776C69622D63796777696E2F6ED4
:10B1700065776C69622F6C6962632F7374646C69A4
:10B18000622F6D707265632E630000000500000081
:10B19000190000007D0000000080E03779C34143C2
:10B1A000176E05B5B5B89346F5F93FE9034F384D2D
:10B1B000321D30F94877825A3CBF737FDD4F1575D9
:10B1C000000000000000F03F0000000000002440EC
:10B1D00000000000000059400000000000408F40C7
:10B1E000000000000088C34000000000006AF84032
:10B1F0000000000080842E4100000000D012634156
:10B200000000000084D797410000000065CDCD41CB
:10B21000000000205FA00242000000E876483742AC
:10B22000000000A2941A6D42000040E59C30A2424A
:10B230000000901EC4BCD64200003426F56B0C43BF
:10B240000080E03779C3414300A0D8855734764366
:10B2500000C84E676DC1AB43003D9160E458E143C7
:10B26000408CB5781DAF154450EFE2D6E41A4B443C
:10B2700092D54D06CFF08044F64AE1C7022DB54481
:10B28000B49DD9794378EA44002020202020202052
:10B290002020282828282820202020202020202086
:10B2A0002020202020202020208810101010101096
:10B2B00010101010101010101004040404040404E2
:10B2C000040404101010101010104141414141417C
:10B2D000010101010101010101010101010101015E
:10B2E000010101011010101010104242424242426E
:10B2F000020202020202020202020202020202022E
:10B3000002020202101010102000000000000000D5
:10B31000000000000000000000000000000000002D
:10B32000000000000000000000000000000000001D
:10B33000000000000000000000000000000000000D
:10B3400000000000000000000000000000000000FD
:10B3500000000000000000000000000000000000ED
:10B3600000000000000000000000000000000000DD
:10B3700000000000000000000000000000000000CD
:10B380000000000000000000000000002C20667596
:10B390006E6374696F6E3A2000000000617373651C
:10B3A0007274696F6E2022257322206661696C6554
:10B3B000643A2066696C6520222573222C206C6912
:10B3C0006E65202564257325730A00003030303007
:10B3D00030303030303030303030303020202020AD
:0CB3E000202020202020202020202020E1
:08B3EC008051FF7F0100000009
:08B3F4006D500008590E00081D
:04B3FC00310E000806
:10B400000024F40010000000AAAAAAAA000000006C
:10B410000300000018490020200000200000000068
:10B42000000000001849002080490020E849002061
:10B43000000000000000000000000000000000000C
:10B4400000000000000000000000000000000000FC
:10B4500000000000000000000000000000000000EC
:10B4600000000000000000000000000000000000DC
:10B4700000000000000000000000000000000000CC
:10B4800000000000000000000000000000000000BC
:10B4900000000000000000000000000000000000AC
:10B4A000000000000000000000000000000000009C
:10B4B000000000000000000001000000000000008B
:10B4C0000E33CDAB34126DE6ECDE05000B00000050
:10B4D000000000000000000000000000000000006C
:10B4E000000000000000000000000000000000005C
:10B4F000000000000000000000000000000000004C
:10B50000000000000000000000000000000000003B
:10B51000000000000000000000000000000000002B
:10B52000000000000000000000000000000000001B
:10B53000000000000000000000000000000000000B
:10B540005C4A0020FFFFFFFF000002000000000037
:10B550000000000000000000500100205001002009
:10B5600058010020580100206001002060010020E7
:10B570006801002068010020700100207001002097
:10B580007801002078010020800100208001002047
:10B5900088010020880100209001002090010020F7
:10B5A0009801002098010020A0010020A0010020A7
:10B5B000A8010020A8010020B0010020B001002057
:10B5C000B8010020B8010020C0010020C001002007
:10B5D000C8010020C8010020D0010020D0010020B7
:10B5E000D8010020D8010020E0010020E001002067
:10B5F000E8010020E8010020F0010020F001002017
:10B60000F8010020F80100200002002000020020C4
:10B610000802002008020020100200201002002072
:10B620001802002018020020200200202002002022
:10B6300028020020280200203002002030020020D2
:10B640003802002038020020400200204002002082
:10B650004802002048020020500200205002002032
:10B6600058020020580200206002002060020020E2
:10B670006802002068020020700200207002002092
:10B680007802002078020020800200208002002042
:10B6900088020020880200209002002090020020F2
:10B6A0009802002098020020A0020020A0020020A2
:10B6B000A8020020A8020020B0020020B002002052
:10B6C000B8020020B8020020C0020020C002002002
:10B6D000C8020020C8020020D0020020D0020020B2
:10B6E000D8020020D8020020E0020020E002002062
:10B6F000E8020020E8020020F0020020F002002012
:10B70000F8020020F80200200003002000030020BF
:10B71000080300200803002010030020100300206D
:10B72000180300201803002020030020200300201D
:10B7300028030020280300203003002030030020CD
:10B74000380300203803002040030020400300207D
:10B75000480300204803002050030020500300202D
:10B7600058030020580300206003002060030020DD
:10B77000680300206803002070030020700300208D
:10B78000780300207803002080030020800300203D
:10B7900088030020880300209003002090030020ED
:10B7A0009803002098030020A0030020A00300209D
:10B7B000A8030020A8030020B0030020B00300204D
:10B7C000B8030020B8030020C0030020C0030020FD
:10B7D000C8030020C8030020D0030020D0030020AD
:10B7E000D8030020D8030020E0030020E00300205D
:10B7F000E8030020E8030020F0030020F00300200D
:10B80000F8030020F80300200004002000040020BA
:10B810000804002008040020100400201004002068
:10B820001804002018040020200400202004002018
:10B8300028040020280400203004002030040020C8
:10B840003804002038040020400400204004002078
:10B850004804002048040020500400205004002028
:10B8600058040020580400206004002060040020D8
:10B870006804002068040020700400207004002088
:10B880007804002078040020800400208004002038
:10B8900088040020880400209004002090040020E8
:10B8A0009804002098040020A0040020A004002098
:10B8B000A8040020A8040020B0040020B004002048
:10B8C000B8040020B8040020C0040020C0040020F8
:10B8D000C8040020C8040020D0040020D0040020A8
:10B8E000D8040020D8040020E0040020E004002058
:10B8F000E8040020E8040020F0040020F004002008
:10B90000F8040020F80400200005002000050020B5
:10B910000805002008050020100500201005002063
:10B920001805002018050020200500202005002013
:10B9300028050020280500203005002030050020C3
:10B940003805002038050020400500204005002073
:10B9500048050020480500204300000000000000CA
:10B9600000000000000000000000000000000000D7
:10B970000000000000000000430000000000000084
:10B9800000000000000000000000000000000000B7
:10B990000000000000000000430000000000000064
:10B9A0000000000000000000000000000000000097
:10B9B0000000000000000000430000000000000044
:10B9C0000000000000000000000000000000000077
:10B9D0000000000000000000430000000000000024
:10B9E0000000000000000000000000000000000057
:10B9F0000000000000000000430000000000000004
:10BA00000000000000000000000000000000000036
:10BA100000000000000000004300000000000000E3
:10BA20000000000000000000000000000000000016
:10BA30000000000000000000C98F000825880008F1
:10BA40000000000088B2000868B0000898B3000841
:10BA500098B3000898B3000898B3000898B300089A
:10BA600098B3000898B3000898B3000898B300088A
:10BA7000FFFFFFFFFFFFFFFFFFFFFFFFFFFF0000D4
:10BA8000010041534349490000000000000000004C
:10BA900000000000000000000000000000000000A6
:10BAA000000041534349490000000000000000002D
:10BAB0000000000000000000000000000000000086
:04BAC0000000000082
:04000005080017A533
:00000001FF
